Step,Agent,Action,Reason
10,J1,Green NS,High Congestion (21 cars). Clearing queue.
10,J2,Green NS,High Congestion (21 cars). Clearing queue.
10,J3,Green NS,High Congestion (15 cars). Clearing queue.
10,J4,Green NS,High Congestion (20 cars). Clearing queue.
12,SYSTEM,OVERRIDE,Ambulance detected at APPROACHING_J1_WEST
13,SYSTEM,OVERRIDE,Ambulance detected at APPROACHING_J1_WEST
14,SYSTEM,OVERRIDE,Ambulance detected at APPROACHING_J1_WEST
15,SYSTEM,OVERRIDE,Ambulance detected at APPROACHING_J1_WEST
16,SYSTEM,OVERRIDE,Ambulance detected at APPROACHING_J1_WEST
17,SYSTEM,OVERRIDE,Ambulance detected at APPROACHING_J1_WEST
18,SYSTEM,OVERRIDE,Ambulance detected at APPROACHING_J1_WEST
19,SYSTEM,OVERRIDE,Ambulance detected at APPROACHING_J1_WEST
20,SYSTEM,OVERRIDE,Ambulance detected at APPROACHING_J1_WEST
21,SYSTEM,OVERRIDE,Ambulance detected at APPROACHING_J1_WEST
22,SYSTEM,OVERRIDE,Ambulance detected at APPROACHING_J1_WEST
23,SYSTEM,OVERRIDE,Ambulance detected at APPROACHING_J1_WEST
24,SYSTEM,OVERRIDE,Ambulance detected at APPROACHING_J1_WEST
25,SYSTEM,OVERRIDE,Ambulance detected at APPROACHING_J1_WEST
26,SYSTEM,OVERRIDE,Ambulance detected at APPROACHING_J1_WEST
27,SYSTEM,OVERRIDE,Ambulance detected at APPROACHING_J1_WEST
28,SYSTEM,OVERRIDE,Ambulance detected at APPROACHING_J1_WEST
29,SYSTEM,OVERRIDE,Ambulance detected at APPROACHING_J1_WEST
30,SYSTEM,OVERRIDE,Ambulance detected at APPROACHING_J1_WEST
31,SYSTEM,OVERRIDE,Ambulance detected at APPROACHING_J1_WEST
32,SYSTEM,OVERRIDE,Ambulance detected at APPROACHING_J1_WEST
33,SYSTEM,OVERRIDE,Ambulance detected at APPROACHING_J1_WEST
34,SYSTEM,OVERRIDE,Ambulance detected at APPROACHING_J1_WEST
35,SYSTEM,OVERRIDE,Ambulance detected at APPROACHING_J1_WEST
36,SYSTEM,OVERRIDE,Ambulance detected at APPROACHING_J1_WEST
37,SYSTEM,OVERRIDE,Ambulance detected at APPROACHING_J1_WEST
38,SYSTEM,OVERRIDE,Ambulance detected at APPROACHING_J1_WEST
39,SYSTEM,OVERRIDE,Ambulance detected at APPROACHING_J1_WEST
40,SYSTEM,OVERRIDE,Ambulance detected at APPROACHING_J1_WEST
41,SYSTEM,OVERRIDE,Ambulance detected at APPROACHING_J1_WEST
42,SYSTEM,OVERRIDE,Ambulance detected at APPROACHING_J1_WEST
43,SYSTEM,OVERRIDE,Ambulance detected at APPROACHING_J1_WEST
44,SYSTEM,OVERRIDE,Ambulance detected at APPROACHING_J1_WEST
45,SYSTEM,OVERRIDE,Ambulance detected at APPROACHING_J1_WEST
46,SYSTEM,OVERRIDE,Ambulance detected at APPROACHING_J1_WEST
47,SYSTEM,OVERRIDE,Ambulance detected at APPROACHING_J1_WEST
48,SYSTEM,OVERRIDE,Ambulance detected at APPROACHING_J1_WEST
49,SYSTEM,OVERRIDE,Ambulance detected at APPROACHING_J1_WEST
50,J1,Green EW,High Congestion (22 cars). Clearing queue.
50,J2,Green NS,High Congestion (22 cars). Clearing queue.
50,J3,Green EW,High Congestion (12 cars). Clearing queue.
50,J4,Green NS,High Congestion (23 cars). Clearing queue.
51,SYSTEM,OVERRIDE,Ambulance detected at BETWEEN_J1_J2
52,SYSTEM,OVERRIDE,Ambulance detected at BETWEEN_J1_J2
53,SYSTEM,OVERRIDE,Ambulance detected at BETWEEN_J1_J2
54,SYSTEM,OVERRIDE,Ambulance detected at BETWEEN_J1_J2
55,SYSTEM,OVERRIDE,Ambulance detected at BETWEEN_J1_J2
56,SYSTEM,OVERRIDE,Ambulance detected at BETWEEN_J1_J2
57,SYSTEM,OVERRIDE,Ambulance detected at BETWEEN_J1_J2
58,SYSTEM,OVERRIDE,Ambulance detected at BETWEEN_J1_J2
59,SYSTEM,OVERRIDE,Ambulance detected at BETWEEN_J1_J2
60,SYSTEM,OVERRIDE,Ambulance detected at BETWEEN_J1_J2
61,SYSTEM,OVERRIDE,Ambulance detected at BETWEEN_J1_J2
62,SYSTEM,OVERRIDE,Ambulance detected at BETWEEN_J1_J2
63,SYSTEM,OVERRIDE,Ambulance detected at BETWEEN_J1_J2
64,SYSTEM,OVERRIDE,Ambulance detected at BETWEEN_J1_J2
65,SYSTEM,OVERRIDE,Ambulance detected at BETWEEN_J1_J2
66,SYSTEM,OVERRIDE,Ambulance detected at BETWEEN_J1_J2
67,SYSTEM,OVERRIDE,Ambulance detected at BETWEEN_J1_J2
68,SYSTEM,OVERRIDE,Ambulance detected at BETWEEN_J1_J2
69,SYSTEM,OVERRIDE,Ambulance detected at BETWEEN_J1_J2
70,SYSTEM,OVERRIDE,Ambulance detected at BETWEEN_J1_J2
71,SYSTEM,OVERRIDE,Ambulance detected at BETWEEN_J1_J2
72,SYSTEM,OVERRIDE,Ambulance detected at BETWEEN_J1_J2
73,SYSTEM,OVERRIDE,Ambulance detected at BETWEEN_J1_J2
74,SYSTEM,OVERRIDE,Ambulance detected at BETWEEN_J1_J2
75,SYSTEM,OVERRIDE,Ambulance detected at BETWEEN_J1_J2
76,SYSTEM,OVERRIDE,Ambulance detected at BETWEEN_J1_J2
77,SYSTEM,OVERRIDE,Ambulance detected at BETWEEN_J1_J2
78,SYSTEM,OVERRIDE,Ambulance detected at BETWEEN_J1_J2
79,SYSTEM,OVERRIDE,Ambulance detected at BETWEEN_J1_J2
80,SYSTEM,OVERRIDE,Ambulance detected at BETWEEN_J1_J2
81,SYSTEM,OVERRIDE,Ambulance detected at BETWEEN_J1_J2
82,SYSTEM,OVERRIDE,Ambulance detected at BETWEEN_J1_J2
83,SYSTEM,OVERRIDE,Ambulance detected at BETWEEN_J1_J2
84,SYSTEM,OVERRIDE,Ambulance detected at BETWEEN_J1_J2
86,SYSTEM,OVERRIDE,Ambulance detected at BETWEEN_J2_J4
87,SYSTEM,OVERRIDE,Ambulance detected at BETWEEN_J2_J4
88,SYSTEM,OVERRIDE,Ambulance detected at BETWEEN_J2_J4
89,SYSTEM,OVERRIDE,Ambulance detected at BETWEEN_J2_J4
90,SYSTEM,OVERRIDE,Ambulance detected at BETWEEN_J2_J4
91,SYSTEM,OVERRIDE,Ambulance detected at BETWEEN_J2_J4
92,SYSTEM,OVERRIDE,Ambulance detected at BETWEEN_J2_J4
93,SYSTEM,OVERRIDE,Ambulance detected at BETWEEN_J2_J4
94,SYSTEM,OVERRIDE,Ambulance detected at BETWEEN_J2_J4
95,SYSTEM,OVERRIDE,Ambulance detected at BETWEEN_J2_J4
96,SYSTEM,OVERRIDE,Ambulance detected at BETWEEN_J2_J4
97,SYSTEM,OVERRIDE,Ambulance detected at BETWEEN_J2_J4
98,SYSTEM,OVERRIDE,Ambulance detected at BETWEEN_J2_J4
99,SYSTEM,OVERRIDE,Ambulance detected at BETWEEN_J2_J4
100,SYSTEM,OVERRIDE,Ambulance detected at BETWEEN_J2_J4
101,SYSTEM,OVERRIDE,Ambulance detected at BETWEEN_J2_J4
102,SYSTEM,OVERRIDE,Ambulance detected at BETWEEN_J2_J4
103,SYSTEM,OVERRIDE,Ambulance detected at BETWEEN_J2_J4
104,SYSTEM,OVERRIDE,Ambulance detected at BETWEEN_J2_J4
105,SYSTEM,OVERRIDE,Ambulance detected at BETWEEN_J2_J4
106,SYSTEM,OVERRIDE,Ambulance detected at BETWEEN_J2_J4
107,SYSTEM,OVERRIDE,Ambulance detected at BETWEEN_J2_J4
108,SYSTEM,OVERRIDE,Ambulance detected at BETWEEN_J2_J4
109,SYSTEM,OVERRIDE,Ambulance detected at BETWEEN_J2_J4
110,SYSTEM,OVERRIDE,Ambulance detected at BETWEEN_J2_J4
111,SYSTEM,OVERRIDE,Ambulance detected at BETWEEN_J2_J4
112,SYSTEM,OVERRIDE,Ambulance detected at BETWEEN_J2_J4
113,SYSTEM,OVERRIDE,Ambulance detected at BETWEEN_J2_J4
114,SYSTEM,OVERRIDE,Ambulance detected at BETWEEN_J2_J4
115,SYSTEM,OVERRIDE,Ambulance detected at BETWEEN_J2_J4
116,SYSTEM,OVERRIDE,Ambulance detected at BETWEEN_J2_J4
117,SYSTEM,OVERRIDE,Ambulance detected at BETWEEN_J2_J4
118,SYSTEM,OVERRIDE,Ambulance detected at BETWEEN_J2_J4
119,SYSTEM,OVERRIDE,Ambulance detected at BETWEEN_J2_J4
120,J1,Green NS,High Congestion (30 cars). Clearing queue.
120,J2,Green EW,High Congestion (25 cars). Clearing queue.
120,J3,Green NS,High Congestion (14 cars). Clearing queue.
120,J4,Green EW,High Congestion (40 cars). Clearing queue.
130,J1,Green NS,High Congestion (26 cars). Clearing queue.
130,J2,Green NS,High Congestion (24 cars). Clearing queue.
130,J3,Green NS,High Congestion (38 cars). Clearing queue.
130,J4,Green EW,High Congestion (25 cars). Clearing queue.
136,SYSTEM,OVERRIDE,Ambulance detected at APPROACHING_J1_WEST
137,SYSTEM,OVERRIDE,Ambulance detected at APPROACHING_J1_WEST
138,SYSTEM,OVERRIDE,Ambulance detected at APPROACHING_J1_WEST
139,SYSTEM,OVERRIDE,Ambulance detected at APPROACHING_J1_WEST
140,SYSTEM,OVERRIDE,Ambulance detected at APPROACHING_J1_WEST
141,SYSTEM,OVERRIDE,Ambulance detected at APPROACHING_J1_WEST
142,SYSTEM,OVERRIDE,Ambulance detected at APPROACHING_J1_WEST
143,SYSTEM,OVERRIDE,Ambulance detected at APPROACHING_J1_WEST
144,SYSTEM,OVERRIDE,Ambulance detected at APPROACHING_J1_WEST
145,SYSTEM,OVERRIDE,Ambulance detected at APPROACHING_J1_WEST
146,SYSTEM,OVERRIDE,Ambulance detected at APPROACHING_J1_WEST
147,SYSTEM,OVERRIDE,Ambulance detected at APPROACHING_J1_WEST
148,SYSTEM,OVERRIDE,Ambulance detected at APPROACHING_J1_WEST
149,SYSTEM,OVERRIDE,Ambulance detected at APPROACHING_J1_WEST
150,SYSTEM,OVERRIDE,Ambulance detected at APPROACHING_J1_WEST
151,SYSTEM,OVERRIDE,Ambulance detected at APPROACHING_J1_WEST
152,SYSTEM,OVERRIDE,Ambulance detected at APPROACHING_J1_WEST
153,SYSTEM,OVERRIDE,Ambulance detected at APPROACHING_J1_WEST
154,SYSTEM,OVERRIDE,Ambulance detected at APPROACHING_J1_WEST
155,SYSTEM,OVERRIDE,Ambulance detected at APPROACHING_J1_WEST
156,SYSTEM,OVERRIDE,Ambulance detected at APPROACHING_J1_WEST
157,SYSTEM,OVERRIDE,Ambulance detected at APPROACHING_J1_WEST
158,SYSTEM,OVERRIDE,Ambulance detected at APPROACHING_J1_WEST
159,SYSTEM,OVERRIDE,Ambulance detected at APPROACHING_J1_WEST
160,SYSTEM,OVERRIDE,Ambulance detected at APPROACHING_J1_WEST
161,SYSTEM,OVERRIDE,Ambulance detected at APPROACHING_J1_WEST
162,SYSTEM,OVERRIDE,Ambulance detected at APPROACHING_J1_WEST
163,SYSTEM,OVERRIDE,Ambulance detected at APPROACHING_J1_WEST
164,SYSTEM,OVERRIDE,Ambulance detected at APPROACHING_J1_WEST
165,SYSTEM,OVERRIDE,Ambulance detected at APPROACHING_J1_WEST
166,SYSTEM,OVERRIDE,Ambulance detected at APPROACHING_J1_WEST
167,SYSTEM,OVERRIDE,Ambulance detected at APPROACHING_J1_WEST
168,SYSTEM,OVERRIDE,Ambulance detected at APPROACHING_J1_WEST
169,SYSTEM,OVERRIDE,Ambulance detected at APPROACHING_J1_WEST
170,SYSTEM,OVERRIDE,Ambulance detected at APPROACHING_J1_WEST
171,SYSTEM,OVERRIDE,Ambulance detected at APPROACHING_J1_WEST
172,SYSTEM,OVERRIDE,Ambulance detected at APPROACHING_J1_WEST
173,SYSTEM,OVERRIDE,Ambulance detected at APPROACHING_J1_WEST
174,SYSTEM,OVERRIDE,Ambulance detected at APPROACHING_J1_WEST
176,SYSTEM,OVERRIDE,Ambulance detected at BETWEEN_J1_J2
177,SYSTEM,OVERRIDE,Ambulance detected at BETWEEN_J1_J2
178,SYSTEM,OVERRIDE,Ambulance detected at BETWEEN_J1_J2
179,SYSTEM,OVERRIDE,Ambulance detected at BETWEEN_J1_J2
180,SYSTEM,OVERRIDE,Ambulance detected at BETWEEN_J1_J2
181,SYSTEM,OVERRIDE,Ambulance detected at BETWEEN_J1_J2
182,SYSTEM,OVERRIDE,Ambulance detected at BETWEEN_J1_J2
183,SYSTEM,OVERRIDE,Ambulance detected at BETWEEN_J1_J2
184,SYSTEM,OVERRIDE,Ambulance detected at BETWEEN_J1_J2
185,SYSTEM,OVERRIDE,Ambulance detected at BETWEEN_J1_J2
186,SYSTEM,OVERRIDE,Ambulance detected at BETWEEN_J1_J2
187,SYSTEM,OVERRIDE,Ambulance detected at BETWEEN_J1_J2
188,SYSTEM,OVERRIDE,Ambulance detected at BETWEEN_J1_J2
189,SYSTEM,OVERRIDE,Ambulance detected at BETWEEN_J1_J2
190,SYSTEM,OVERRIDE,Ambulance detected at BETWEEN_J1_J2
191,SYSTEM,OVERRIDE,Ambulance detected at BETWEEN_J1_J2
192,SYSTEM,OVERRIDE,Ambulance detected at BETWEEN_J1_J2
193,SYSTEM,OVERRIDE,Ambulance detected at BETWEEN_J1_J2
194,SYSTEM,OVERRIDE,Ambulance detected at BETWEEN_J1_J2
195,SYSTEM,OVERRIDE,Ambulance detected at BETWEEN_J1_J2
196,SYSTEM,OVERRIDE,Ambulance detected at BETWEEN_J1_J2
197,SYSTEM,OVERRIDE,Ambulance detected at BETWEEN_J1_J2
198,SYSTEM,OVERRIDE,Ambulance detected at BETWEEN_J1_J2
199,SYSTEM,OVERRIDE,Ambulance detected at BETWEEN_J1_J2
200,SYSTEM,OVERRIDE,Ambulance detected at BETWEEN_J1_J2
201,SYSTEM,OVERRIDE,Ambulance detected at BETWEEN_J1_J2
202,SYSTEM,OVERRIDE,Ambulance detected at BETWEEN_J1_J2
203,SYSTEM,OVERRIDE,Ambulance detected at BETWEEN_J1_J2
204,SYSTEM,OVERRIDE,Ambulance detected at BETWEEN_J1_J2
205,SYSTEM,OVERRIDE,Ambulance detected at BETWEEN_J1_J2
206,SYSTEM,OVERRIDE,Ambulance detected at BETWEEN_J1_J2
207,SYSTEM,OVERRIDE,Ambulance detected at BETWEEN_J1_J2
208,SYSTEM,OVERRIDE,Ambulance detected at BETWEEN_J1_J2
209,SYSTEM,OVERRIDE,Ambulance detected at BETWEEN_J1_J2
210,SYSTEM,OVERRIDE,Ambulance detected at BETWEEN_J1_J2
212,SYSTEM,OVERRIDE,Ambulance detected at BETWEEN_J2_J4
213,SYSTEM,OVERRIDE,Ambulance detected at BETWEEN_J2_J4
214,SYSTEM,OVERRIDE,Ambulance detected at BETWEEN_J2_J4
215,SYSTEM,OVERRIDE,Ambulance detected at BETWEEN_J2_J4
216,SYSTEM,OVERRIDE,Ambulance detected at BETWEEN_J2_J4
217,SYSTEM,OVERRIDE,Ambulance detected at BETWEEN_J2_J4
218,SYSTEM,OVERRIDE,Ambulance detected at BETWEEN_J2_J4
219,SYSTEM,OVERRIDE,Ambulance detected at BETWEEN_J2_J4
220,SYSTEM,OVERRIDE,Ambulance detected at BETWEEN_J2_J4
221,SYSTEM,OVERRIDE,Ambulance detected at BETWEEN_J2_J4
222,SYSTEM,OVERRIDE,Ambulance detected at BETWEEN_J2_J4
223,SYSTEM,OVERRIDE,Ambulance detected at BETWEEN_J2_J4
224,SYSTEM,OVERRIDE,Ambulance detected at BETWEEN_J2_J4
225,SYSTEM,OVERRIDE,Ambulance detected at BETWEEN_J2_J4
226,SYSTEM,OVERRIDE,Ambulance detected at BETWEEN_J2_J4
227,SYSTEM,OVERRIDE,Ambulance detected at BETWEEN_J2_J4
228,SYSTEM,OVERRIDE,Ambulance detected at BETWEEN_J2_J4
229,SYSTEM,OVERRIDE,Ambulance detected at BETWEEN_J2_J4
230,SYSTEM,OVERRIDE,Ambulance detected at BETWEEN_J2_J4
231,SYSTEM,OVERRIDE,Ambulance detected at BETWEEN_J2_J4
232,SYSTEM,OVERRIDE,Ambulance detected at BETWEEN_J2_J4
233,SYSTEM,OVERRIDE,Ambulance detected at BETWEEN_J2_J4
234,SYSTEM,OVERRIDE,Ambulance detected at BETWEEN_J2_J4
235,SYSTEM,OVERRIDE,Ambulance detected at BETWEEN_J2_J4
236,SYSTEM,OVERRIDE,Ambulance detected at BETWEEN_J2_J4
237,SYSTEM,OVERRIDE,Ambulance detected at BETWEEN_J2_J4
238,SYSTEM,OVERRIDE,Ambulance detected at BETWEEN_J2_J4
239,SYSTEM,OVERRIDE,Ambulance detected at BETWEEN_J2_J4
240,SYSTEM,OVERRIDE,Ambulance detected at BETWEEN_J2_J4
241,SYSTEM,OVERRIDE,Ambulance detected at BETWEEN_J2_J4
242,SYSTEM,OVERRIDE,Ambulance detected at BETWEEN_J2_J4
243,SYSTEM,OVERRIDE,Ambulance detected at BETWEEN_J2_J4
244,SYSTEM,OVERRIDE,Ambulance detected at BETWEEN_J2_J4
245,SYSTEM,OVERRIDE,Ambulance detected at BETWEEN_J2_J4
250,J1,Green NS,High Congestion (16 cars). Clearing queue.
250,J2,Green EW,High Congestion (35 cars). Clearing queue.
250,J3,Green NS,High Congestion (38 cars). Clearing queue.
250,J4,Green NS,High Congestion (25 cars). Clearing queue.
260,J1,Green EW,High Congestion (18 cars). Clearing queue.
260,J2,Green EW,High Congestion (18 cars). Clearing queue.
260,J3,Green NS,High Congestion (30 cars). Clearing queue.
260,J4,Green EW,High Congestion (36 cars). Clearing queue.
263,SYSTEM,OVERRIDE,Ambulance detected at APPROACHING_J1_WEST
264,SYSTEM,OVERRIDE,Ambulance detected at APPROACHING_J1_WEST
265,SYSTEM,OVERRIDE,Ambulance detected at APPROACHING_J1_WEST
266,SYSTEM,OVERRIDE,Ambulance detected at APPROACHING_J1_WEST
267,SYSTEM,OVERRIDE,Ambulance detected at APPROACHING_J1_WEST
268,SYSTEM,OVERRIDE,Ambulance detected at APPROACHING_J1_WEST
269,SYSTEM,OVERRIDE,Ambulance detected at APPROACHING_J1_WEST
270,SYSTEM,OVERRIDE,Ambulance detected at APPROACHING_J1_WEST
271,SYSTEM,OVERRIDE,Ambulance detected at APPROACHING_J1_WEST
272,SYSTEM,OVERRIDE,Ambulance detected at APPROACHING_J1_WEST
273,SYSTEM,OVERRIDE,Ambulance detected at APPROACHING_J1_WEST
274,SYSTEM,OVERRIDE,Ambulance detected at APPROACHING_J1_WEST
275,SYSTEM,OVERRIDE,Ambulance detected at APPROACHING_J1_WEST
276,SYSTEM,OVERRIDE,Ambulance detected at APPROACHING_J1_WEST
277,SYSTEM,OVERRIDE,Ambulance detected at APPROACHING_J1_WEST
278,SYSTEM,OVERRIDE,Ambulance detected at APPROACHING_J1_WEST
279,SYSTEM,OVERRIDE,Ambulance detected at APPROACHING_J1_WEST
280,SYSTEM,OVERRIDE,Ambulance detected at APPROACHING_J1_WEST
281,SYSTEM,OVERRIDE,Ambulance detected at APPROACHING_J1_WEST
282,SYSTEM,OVERRIDE,Ambulance detected at APPROACHING_J1_WEST
283,SYSTEM,OVERRIDE,Ambulance detected at APPROACHING_J1_WEST
284,SYSTEM,OVERRIDE,Ambulance detected at APPROACHING_J1_WEST
285,SYSTEM,OVERRIDE,Ambulance detected at APPROACHING_J1_WEST
286,SYSTEM,OVERRIDE,Ambulance detected at APPROACHING_J1_WEST
287,SYSTEM,OVERRIDE,Ambulance detected at APPROACHING_J1_WEST
288,SYSTEM,OVERRIDE,Ambulance detected at APPROACHING_J1_WEST
289,SYSTEM,OVERRIDE,Ambulance detected at APPROACHING_J1_WEST
290,SYSTEM,OVERRIDE,Ambulance detected at APPROACHING_J1_WEST
291,SYSTEM,OVERRIDE,Ambulance detected at APPROACHING_J1_WEST
292,SYSTEM,OVERRIDE,Ambulance detected at APPROACHING_J1_WEST
293,SYSTEM,OVERRIDE,Ambulance detected at APPROACHING_J1_WEST
294,SYSTEM,OVERRIDE,Ambulance detected at APPROACHING_J1_WEST
295,SYSTEM,OVERRIDE,Ambulance detected at APPROACHING_J1_WEST
296,SYSTEM,OVERRIDE,Ambulance detected at APPROACHING_J1_WEST
297,SYSTEM,OVERRIDE,Ambulance detected at APPROACHING_J1_WEST
298,SYSTEM,OVERRIDE,Ambulance detected at APPROACHING_J1_WEST
299,SYSTEM,OVERRIDE,Ambulance detected at APPROACHING_J1_WEST
300,SYSTEM,OVERRIDE,Ambulance detected at APPROACHING_J1_WEST
302,SYSTEM,OVERRIDE,Ambulance detected at BETWEEN_J1_J2
303,SYSTEM,OVERRIDE,Ambulance detected at BETWEEN_J1_J2
304,SYSTEM,OVERRIDE,Ambulance detected at BETWEEN_J1_J2
305,SYSTEM,OVERRIDE,Ambulance detected at BETWEEN_J1_J2
306,SYSTEM,OVERRIDE,Ambulance detected at BETWEEN_J1_J2
307,SYSTEM,OVERRIDE,Ambulance detected at BETWEEN_J1_J2
308,SYSTEM,OVERRIDE,Ambulance detected at BETWEEN_J1_J2
309,SYSTEM,OVERRIDE,Ambulance detected at BETWEEN_J1_J2
310,SYSTEM,OVERRIDE,Ambulance detected at BETWEEN_J1_J2
311,SYSTEM,OVERRIDE,Ambulance detected at BETWEEN_J1_J2
312,SYSTEM,OVERRIDE,Ambulance detected at BETWEEN_J1_J2
313,SYSTEM,OVERRIDE,Ambulance detected at BETWEEN_J1_J2
314,SYSTEM,OVERRIDE,Ambulance detected at BETWEEN_J1_J2
315,SYSTEM,OVERRIDE,Ambulance detected at BETWEEN_J1_J2
316,SYSTEM,OVERRIDE,Ambulance detected at BETWEEN_J1_J2
317,SYSTEM,OVERRIDE,Ambulance detected at BETWEEN_J1_J2
318,SYSTEM,OVERRIDE,Ambulance detected at BETWEEN_J1_J2
319,SYSTEM,OVERRIDE,Ambulance detected at BETWEEN_J1_J2
320,SYSTEM,OVERRIDE,Ambulance detected at BETWEEN_J1_J2
321,SYSTEM,OVERRIDE,Ambulance detected at BETWEEN_J1_J2
322,SYSTEM,OVERRIDE,Ambulance detected at BETWEEN_J1_J2
323,SYSTEM,OVERRIDE,Ambulance detected at BETWEEN_J1_J2
324,SYSTEM,OVERRIDE,Ambulance detected at BETWEEN_J1_J2
325,SYSTEM,OVERRIDE,Ambulance detected at BETWEEN_J1_J2
326,SYSTEM,OVERRIDE,Ambulance detected at BETWEEN_J1_J2
327,SYSTEM,OVERRIDE,Ambulance detected at BETWEEN_J1_J2
328,SYSTEM,OVERRIDE,Ambulance detected at BETWEEN_J1_J2
329,SYSTEM,OVERRIDE,Ambulance detected at BETWEEN_J1_J2
330,SYSTEM,OVERRIDE,Ambulance detected at BETWEEN_J1_J2
331,SYSTEM,OVERRIDE,Ambulance detected at BETWEEN_J1_J2
332,SYSTEM,OVERRIDE,Ambulance detected at BETWEEN_J1_J2
333,SYSTEM,OVERRIDE,Ambulance detected at BETWEEN_J1_J2
334,SYSTEM,OVERRIDE,Ambulance detected at BETWEEN_J1_J2
335,SYSTEM,OVERRIDE,Ambulance detected at BETWEEN_J1_J2
336,SYSTEM,OVERRIDE,Ambulance detected at BETWEEN_J1_J2
337,SYSTEM,OVERRIDE,Ambulance detected at BETWEEN_J1_J2
338,SYSTEM,OVERRIDE,Ambulance detected at BETWEEN_J1_J2
339,SYSTEM,OVERRIDE,Ambulance detected at BETWEEN_J1_J2
340,J1,Green EW,High Congestion (25 cars). Clearing queue.
340,J2,Green EW,High Congestion (21 cars). Clearing queue.
340,J3,Green EW,High Congestion (14 cars). Clearing queue.
340,J4,Green NS,High Congestion (30 cars). Clearing queue.
341,SYSTEM,OVERRIDE,Ambulance detected at BETWEEN_J2_J4
342,SYSTEM,OVERRIDE,Ambulance detected at BETWEEN_J2_J4
343,SYSTEM,OVERRIDE,Ambulance detected at BETWEEN_J2_J4
344,SYSTEM,OVERRIDE,Ambulance detected at BETWEEN_J2_J4
345,SYSTEM,OVERRIDE,Ambulance detected at BETWEEN_J2_J4
346,SYSTEM,OVERRIDE,Ambulance detected at BETWEEN_J2_J4
347,SYSTEM,OVERRIDE,Ambulance detected at BETWEEN_J2_J4
348,SYSTEM,OVERRIDE,Ambulance detected at BETWEEN_J2_J4
349,SYSTEM,OVERRIDE,Ambulance detected at BETWEEN_J2_J4
350,SYSTEM,OVERRIDE,Ambulance detected at BETWEEN_J2_J4
351,SYSTEM,OVERRIDE,Ambulance detected at BETWEEN_J2_J4
352,SYSTEM,OVERRIDE,Ambulance detected at BETWEEN_J2_J4
353,SYSTEM,OVERRIDE,Ambulance detected at BETWEEN_J2_J4
354,SYSTEM,OVERRIDE,Ambulance detected at BETWEEN_J2_J4
355,SYSTEM,OVERRIDE,Ambulance detected at BETWEEN_J2_J4
356,SYSTEM,OVERRIDE,Ambulance detected at BETWEEN_J2_J4
357,SYSTEM,OVERRIDE,Ambulance detected at BETWEEN_J2_J4
358,SYSTEM,OVERRIDE,Ambulance detected at BETWEEN_J2_J4
359,SYSTEM,OVERRIDE,Ambulance detected at BETWEEN_J2_J4
360,SYSTEM,OVERRIDE,Ambulance detected at BETWEEN_J2_J4
361,SYSTEM,OVERRIDE,Ambulance detected at BETWEEN_J2_J4
362,SYSTEM,OVERRIDE,Ambulance detected at BETWEEN_J2_J4
363,SYSTEM,OVERRIDE,Ambulance detected at BETWEEN_J2_J4
364,SYSTEM,OVERRIDE,Ambulance detected at BETWEEN_J2_J4
365,SYSTEM,OVERRIDE,Ambulance detected at BETWEEN_J2_J4
366,SYSTEM,OVERRIDE,Ambulance detected at BETWEEN_J2_J4
367,SYSTEM,OVERRIDE,Ambulance detected at BETWEEN_J2_J4
368,SYSTEM,OVERRIDE,Ambulance detected at BETWEEN_J2_J4
369,SYSTEM,OVERRIDE,Ambulance detected at BETWEEN_J2_J4
370,SYSTEM,OVERRIDE,Ambulance detected at BETWEEN_J2_J4
371,SYSTEM,OVERRIDE,Ambulance detected at BETWEEN_J2_J4
372,SYSTEM,OVERRIDE,Ambulance detected at BETWEEN_J2_J4
373,SYSTEM,OVERRIDE,Ambulance detected at BETWEEN_J2_J4
374,SYSTEM,OVERRIDE,Ambulance detected at BETWEEN_J2_J4
380,J1,Green EW,High Congestion (40 cars). Clearing queue.
380,J2,Green EW,High Congestion (28 cars). Clearing queue.
380,J3,Green EW,High Congestion (24 cars). Clearing queue.
380,J4,Green EW,High Congestion (23 cars). Clearing queue.
390,J1,Green NS,High Congestion (18 cars). Clearing queue.
390,J2,Green EW,High Congestion (20 cars). Clearing queue.
390,J3,Green EW,High Congestion (33 cars). Clearing queue.
390,J4,Green NS,High Congestion (25 cars). Clearing queue.
391,SYSTEM,OVERRIDE,Ambulance detected at APPROACHING_J1_WEST
392,SYSTEM,OVERRIDE,Ambulance detected at APPROACHING_J1_WEST
393,SYSTEM,OVERRIDE,Ambulance detected at APPROACHING_J1_WEST
394,SYSTEM,OVERRIDE,Ambulance detected at APPROACHING_J1_WEST
395,SYSTEM,OVERRIDE,Ambulance detected at APPROACHING_J1_WEST
396,SYSTEM,OVERRIDE,Ambulance detected at APPROACHING_J1_WEST
397,SYSTEM,OVERRIDE,Ambulance detected at APPROACHING_J1_WEST
398,SYSTEM,OVERRIDE,Ambulance detected at APPROACHING_J1_WEST
399,SYSTEM,OVERRIDE,Ambulance detected at APPROACHING_J1_WEST
400,SYSTEM,OVERRIDE,Ambulance detected at APPROACHING_J1_WEST
401,SYSTEM,OVERRIDE,Ambulance detected at APPROACHING_J1_WEST
402,SYSTEM,OVERRIDE,Ambulance detected at APPROACHING_J1_WEST
403,SYSTEM,OVERRIDE,Ambulance detected at APPROACHING_J1_WEST
404,SYSTEM,OVERRIDE,Ambulance detected at APPROACHING_J1_WEST
405,SYSTEM,OVERRIDE,Ambulance detected at APPROACHING_J1_WEST
406,SYSTEM,OVERRIDE,Ambulance detected at APPROACHING_J1_WEST
407,SYSTEM,OVERRIDE,Ambulance detected at APPROACHING_J1_WEST
408,SYSTEM,OVERRIDE,Ambulance detected at APPROACHING_J1_WEST
409,SYSTEM,OVERRIDE,Ambulance detected at APPROACHING_J1_WEST
410,SYSTEM,OVERRIDE,Ambulance detected at APPROACHING_J1_WEST
411,SYSTEM,OVERRIDE,Ambulance detected at APPROACHING_J1_WEST
412,SYSTEM,OVERRIDE,Ambulance detected at APPROACHING_J1_WEST
413,SYSTEM,OVERRIDE,Ambulance detected at APPROACHING_J1_WEST
414,SYSTEM,OVERRIDE,Ambulance detected at APPROACHING_J1_WEST
415,SYSTEM,OVERRIDE,Ambulance detected at APPROACHING_J1_WEST
416,SYSTEM,OVERRIDE,Ambulance detected at APPROACHING_J1_WEST
417,SYSTEM,OVERRIDE,Ambulance detected at APPROACHING_J1_WEST
418,SYSTEM,OVERRIDE,Ambulance detected at APPROACHING_J1_WEST
419,SYSTEM,OVERRIDE,Ambulance detected at APPROACHING_J1_WEST
420,SYSTEM,OVERRIDE,Ambulance detected at APPROACHING_J1_WEST
421,SYSTEM,OVERRIDE,Ambulance detected at APPROACHING_J1_WEST
422,SYSTEM,OVERRIDE,Ambulance detected at APPROACHING_J1_WEST
423,SYSTEM,OVERRIDE,Ambulance detected at APPROACHING_J1_WEST
424,SYSTEM,OVERRIDE,Ambulance detected at APPROACHING_J1_WEST
425,SYSTEM,OVERRIDE,Ambulance detected at APPROACHING_J1_WEST
426,SYSTEM,OVERRIDE,Ambulance detected at APPROACHING_J1_WEST
427,SYSTEM,OVERRIDE,Ambulance detected at APPROACHING_J1_WEST
429,SYSTEM,OVERRIDE,Ambulance detected at BETWEEN_J1_J2
430,SYSTEM,OVERRIDE,Ambulance detected at BETWEEN_J1_J2
431,SYSTEM,OVERRIDE,Ambulance detected at BETWEEN_J1_J2
432,SYSTEM,OVERRIDE,Ambulance detected at BETWEEN_J1_J2
433,SYSTEM,OVERRIDE,Ambulance detected at BETWEEN_J1_J2
434,SYSTEM,OVERRIDE,Ambulance detected at BETWEEN_J1_J2
435,SYSTEM,OVERRIDE,Ambulance detected at BETWEEN_J1_J2
436,SYSTEM,OVERRIDE,Ambulance detected at BETWEEN_J1_J2
437,SYSTEM,OVERRIDE,Ambulance detected at BETWEEN_J1_J2
438,SYSTEM,OVERRIDE,Ambulance detected at BETWEEN_J1_J2
439,SYSTEM,OVERRIDE,Ambulance detected at BETWEEN_J1_J2
440,SYSTEM,OVERRIDE,Ambulance detected at BETWEEN_J1_J2
441,SYSTEM,OVERRIDE,Ambulance detected at BETWEEN_J1_J2
442,SYSTEM,OVERRIDE,Ambulance detected at BETWEEN_J1_J2
443,SYSTEM,OVERRIDE,Ambulance detected at BETWEEN_J1_J2
444,SYSTEM,OVERRIDE,Ambulance detected at BETWEEN_J1_J2
445,SYSTEM,OVERRIDE,Ambulance detected at BETWEEN_J1_J2
446,SYSTEM,OVERRIDE,Ambulance detected at BETWEEN_J1_J2
447,SYSTEM,OVERRIDE,Ambulance detected at BETWEEN_J1_J2
448,SYSTEM,OVERRIDE,Ambulance detected at BETWEEN_J1_J2
449,SYSTEM,OVERRIDE,Ambulance detected at BETWEEN_J1_J2
450,SYSTEM,OVERRIDE,Ambulance detected at BETWEEN_J1_J2
451,SYSTEM,OVERRIDE,Ambulance detected at BETWEEN_J1_J2
452,SYSTEM,OVERRIDE,Ambulance detected at BETWEEN_J1_J2
453,SYSTEM,OVERRIDE,Ambulance detected at BETWEEN_J1_J2
454,SYSTEM,OVERRIDE,Ambulance detected at BETWEEN_J1_J2
455,SYSTEM,OVERRIDE,Ambulance detected at BETWEEN_J1_J2
456,SYSTEM,OVERRIDE,Ambulance detected at BETWEEN_J1_J2
457,SYSTEM,OVERRIDE,Ambulance detected at BETWEEN_J1_J2
458,SYSTEM,OVERRIDE,Ambulance detected at BETWEEN_J1_J2
459,SYSTEM,OVERRIDE,Ambulance detected at BETWEEN_J1_J2
460,SYSTEM,OVERRIDE,Ambulance detected at BETWEEN_J1_J2
461,SYSTEM,OVERRIDE,Ambulance detected at BETWEEN_J1_J2
462,SYSTEM,OVERRIDE,Ambulance detected at BETWEEN_J1_J2
464,SYSTEM,OVERRIDE,Ambulance detected at BETWEEN_J2_J4
465,SYSTEM,OVERRIDE,Ambulance detected at BETWEEN_J2_J4
466,SYSTEM,OVERRIDE,Ambulance detected at BETWEEN_J2_J4
467,SYSTEM,OVERRIDE,Ambulance detected at BETWEEN_J2_J4
468,SYSTEM,OVERRIDE,Ambulance detected at BETWEEN_J2_J4
469,SYSTEM,OVERRIDE,Ambulance detected at BETWEEN_J2_J4
470,SYSTEM,OVERRIDE,Ambulance detected at BETWEEN_J2_J4
471,SYSTEM,OVERRIDE,Ambulance detected at BETWEEN_J2_J4
472,SYSTEM,OVERRIDE,Ambulance detected at BETWEEN_J2_J4
473,SYSTEM,OVERRIDE,Ambulance detected at BETWEEN_J2_J4
474,SYSTEM,OVERRIDE,Ambulance detected at BETWEEN_J2_J4
475,SYSTEM,OVERRIDE,Ambulance detected at BETWEEN_J2_J4
476,SYSTEM,OVERRIDE,Ambulance detected at BETWEEN_J2_J4
477,SYSTEM,OVERRIDE,Ambulance detected at BETWEEN_J2_J4
478,SYSTEM,OVERRIDE,Ambulance detected at BETWEEN_J2_J4
479,SYSTEM,OVERRIDE,Ambulance detected at BETWEEN_J2_J4
480,SYSTEM,OVERRIDE,Ambulance detected at BETWEEN_J2_J4
481,SYSTEM,OVERRIDE,Ambulance detected at BETWEEN_J2_J4
482,SYSTEM,OVERRIDE,Ambulance detected at BETWEEN_J2_J4
483,SYSTEM,OVERRIDE,Ambulance detected at BETWEEN_J2_J4
484,SYSTEM,OVERRIDE,Ambulance detected at BETWEEN_J2_J4
485,SYSTEM,OVERRIDE,Ambulance detected at BETWEEN_J2_J4
486,SYSTEM,OVERRIDE,Ambulance detected at BETWEEN_J2_J4
487,SYSTEM,OVERRIDE,Ambulance detected at BETWEEN_J2_J4
488,SYSTEM,OVERRIDE,Ambulance detected at BETWEEN_J2_J4
489,SYSTEM,OVERRIDE,Ambulance detected at BETWEEN_J2_J4
490,SYSTEM,OVERRIDE,Ambulance detected at BETWEEN_J2_J4
491,SYSTEM,OVERRIDE,Ambulance detected at BETWEEN_J2_J4
492,SYSTEM,OVERRIDE,Ambulance detected at BETWEEN_J2_J4
493,SYSTEM,OVERRIDE,Ambulance detected at BETWEEN_J2_J4
494,SYSTEM,OVERRIDE,Ambulance detected at BETWEEN_J2_J4
495,SYSTEM,OVERRIDE,Ambulance detected at BETWEEN_J2_J4
496,SYSTEM,OVERRIDE,Ambulance detected at BETWEEN_J2_J4
497,SYSTEM,OVERRIDE,Ambulance detected at BETWEEN_J2_J4
500,J1,Green EW,High Congestion (30 cars). Clearing queue.
500,J2,Green NS,High Congestion (16 cars). Clearing queue.
500,J3,Green NS,High Congestion (29 cars). Clearing queue.
500,J4,Green NS,High Congestion (25 cars). Clearing queue.
510,J1,Green EW,High Congestion (21 cars). Clearing queue.
510,J2,Green EW,High Congestion (20 cars). Clearing queue.
510,J3,Green NS,High Congestion (25 cars). Clearing queue.
510,J4,Green NS,High Congestion (20 cars). Clearing queue.
515,SYSTEM,OVERRIDE,Ambulance detected at APPROACHING_J1_WEST
516,SYSTEM,OVERRIDE,Ambulance detected at APPROACHING_J1_WEST
517,SYSTEM,OVERRIDE,Ambulance detected at APPROACHING_J1_WEST
518,SYSTEM,OVERRIDE,Ambulance detected at APPROACHING_J1_WEST
519,SYSTEM,OVERRIDE,Ambulance detected at APPROACHING_J1_WEST
520,SYSTEM,OVERRIDE,Ambulance detected at APPROACHING_J1_WEST
521,SYSTEM,OVERRIDE,Ambulance detected at APPROACHING_J1_WEST
522,SYSTEM,OVERRIDE,Ambulance detected at APPROACHING_J1_WEST
523,SYSTEM,OVERRIDE,Ambulance detected at APPROACHING_J1_WEST
524,SYSTEM,OVERRIDE,Ambulance detected at APPROACHING_J1_WEST
525,SYSTEM,OVERRIDE,Ambulance detected at APPROACHING_J1_WEST
526,SYSTEM,OVERRIDE,Ambulance detected at APPROACHING_J1_WEST
527,SYSTEM,OVERRIDE,Ambulance detected at APPROACHING_J1_WEST
528,SYSTEM,OVERRIDE,Ambulance detected at APPROACHING_J1_WEST
529,SYSTEM,OVERRIDE,Ambulance detected at APPROACHING_J1_WEST
530,SYSTEM,OVERRIDE,Ambulance detected at APPROACHING_J1_WEST
531,SYSTEM,OVERRIDE,Ambulance detected at APPROACHING_J1_WEST
532,SYSTEM,OVERRIDE,Ambulance detected at APPROACHING_J1_WEST
533,SYSTEM,OVERRIDE,Ambulance detected at APPROACHING_J1_WEST
534,SYSTEM,OVERRIDE,Ambulance detected at APPROACHING_J1_WEST
535,SYSTEM,OVERRIDE,Ambulance detected at APPROACHING_J1_WEST
536,SYSTEM,OVERRIDE,Ambulance detected at APPROACHING_J1_WEST
537,SYSTEM,OVERRIDE,Ambulance detected at APPROACHING_J1_WEST
538,SYSTEM,OVERRIDE,Ambulance detected at APPROACHING_J1_WEST
539,SYSTEM,OVERRIDE,Ambulance detected at APPROACHING_J1_WEST
540,SYSTEM,OVERRIDE,Ambulance detected at APPROACHING_J1_WEST
541,SYSTEM,OVERRIDE,Ambulance detected at APPROACHING_J1_WEST
542,SYSTEM,OVERRIDE,Ambulance detected at APPROACHING_J1_WEST
543,SYSTEM,OVERRIDE,Ambulance detected at APPROACHING_J1_WEST
544,SYSTEM,OVERRIDE,Ambulance detected at APPROACHING_J1_WEST
545,SYSTEM,OVERRIDE,Ambulance detected at APPROACHING_J1_WEST
546,SYSTEM,OVERRIDE,Ambulance detected at APPROACHING_J1_WEST
547,SYSTEM,OVERRIDE,Ambulance detected at APPROACHING_J1_WEST
548,SYSTEM,OVERRIDE,Ambulance detected at APPROACHING_J1_WEST
549,SYSTEM,OVERRIDE,Ambulance detected at APPROACHING_J1_WEST
550,SYSTEM,OVERRIDE,Ambulance detected at APPROACHING_J1_WEST
551,SYSTEM,OVERRIDE,Ambulance detected at APPROACHING_J1_WEST
552,SYSTEM,OVERRIDE,Ambulance detected at APPROACHING_J1_WEST
553,SYSTEM,OVERRIDE,Ambulance detected at APPROACHING_J1_WEST
554,SYSTEM,OVERRIDE,Ambulance detected at APPROACHING_J1_WEST
555,SYSTEM,OVERRIDE,Ambulance detected at APPROACHING_J1_WEST
557,SYSTEM,OVERRIDE,Ambulance detected at BETWEEN_J1_J2
558,SYSTEM,OVERRIDE,Ambulance detected at BETWEEN_J1_J2
559,SYSTEM,OVERRIDE,Ambulance detected at BETWEEN_J1_J2
560,SYSTEM,OVERRIDE,Ambulance detected at BETWEEN_J1_J2
561,SYSTEM,OVERRIDE,Ambulance detected at BETWEEN_J1_J2
562,SYSTEM,OVERRIDE,Ambulance detected at BETWEEN_J1_J2
563,SYSTEM,OVERRIDE,Ambulance detected at BETWEEN_J1_J2
564,SYSTEM,OVERRIDE,Ambulance detected at BETWEEN_J1_J2
565,SYSTEM,OVERRIDE,Ambulance detected at BETWEEN_J1_J2
566,SYSTEM,OVERRIDE,Ambulance detected at BETWEEN_J1_J2
567,SYSTEM,OVERRIDE,Ambulance detected at BETWEEN_J1_J2
568,SYSTEM,OVERRIDE,Ambulance detected at BETWEEN_J1_J2
569,SYSTEM,OVERRIDE,Ambulance detected at BETWEEN_J1_J2
570,SYSTEM,OVERRIDE,Ambulance detected at BETWEEN_J1_J2
571,SYSTEM,OVERRIDE,Ambulance detected at BETWEEN_J1_J2
572,SYSTEM,OVERRIDE,Ambulance detected at BETWEEN_J1_J2
573,SYSTEM,OVERRIDE,Ambulance detected at BETWEEN_J1_J2
574,SYSTEM,OVERRIDE,Ambulance detected at BETWEEN_J1_J2
575,SYSTEM,OVERRIDE,Ambulance detected at BETWEEN_J1_J2
576,SYSTEM,OVERRIDE,Ambulance detected at BETWEEN_J1_J2
577,SYSTEM,OVERRIDE,Ambulance detected at BETWEEN_J1_J2
578,SYSTEM,OVERRIDE,Ambulance detected at BETWEEN_J1_J2
579,SYSTEM,OVERRIDE,Ambulance detected at BETWEEN_J1_J2
580,SYSTEM,OVERRIDE,Ambulance detected at BETWEEN_J1_J2
581,SYSTEM,OVERRIDE,Ambulance detected at BETWEEN_J1_J2
582,SYSTEM,OVERRIDE,Ambulance detected at BETWEEN_J1_J2
583,SYSTEM,OVERRIDE,Ambulance detected at BETWEEN_J1_J2
584,SYSTEM,OVERRIDE,Ambulance detected at BETWEEN_J1_J2
585,SYSTEM,OVERRIDE,Ambulance detected at BETWEEN_J1_J2
586,SYSTEM,OVERRIDE,Ambulance detected at BETWEEN_J1_J2
587,SYSTEM,OVERRIDE,Ambulance detected at BETWEEN_J1_J2
588,SYSTEM,OVERRIDE,Ambulance detected at BETWEEN_J1_J2
589,SYSTEM,OVERRIDE,Ambulance detected at BETWEEN_J1_J2
590,SYSTEM,OVERRIDE,Ambulance detected at BETWEEN_J1_J2
592,SYSTEM,OVERRIDE,Ambulance detected at BETWEEN_J2_J4
593,SYSTEM,OVERRIDE,Ambulance detected at BETWEEN_J2_J4
594,SYSTEM,OVERRIDE,Ambulance detected at BETWEEN_J2_J4
595,SYSTEM,OVERRIDE,Ambulance detected at BETWEEN_J2_J4
596,SYSTEM,OVERRIDE,Ambulance detected at BETWEEN_J2_J4
597,SYSTEM,OVERRIDE,Ambulance detected at BETWEEN_J2_J4
598,SYSTEM,OVERRIDE,Ambulance detected at BETWEEN_J2_J4
599,SYSTEM,OVERRIDE,Ambulance detected at BETWEEN_J2_J4
600,SYSTEM,OVERRIDE,Ambulance detected at BETWEEN_J2_J4
601,SYSTEM,OVERRIDE,Ambulance detected at BETWEEN_J2_J4
602,SYSTEM,OVERRIDE,Ambulance detected at BETWEEN_J2_J4
603,SYSTEM,OVERRIDE,Ambulance detected at BETWEEN_J2_J4
604,SYSTEM,OVERRIDE,Ambulance detected at BETWEEN_J2_J4
605,SYSTEM,OVERRIDE,Ambulance detected at BETWEEN_J2_J4
606,SYSTEM,OVERRIDE,Ambulance detected at BETWEEN_J2_J4
607,SYSTEM,OVERRIDE,Ambulance detected at BETWEEN_J2_J4
608,SYSTEM,OVERRIDE,Ambulance detected at BETWEEN_J2_J4
609,SYSTEM,OVERRIDE,Ambulance detected at BETWEEN_J2_J4
610,SYSTEM,OVERRIDE,Ambulance detected at BETWEEN_J2_J4
611,SYSTEM,OVERRIDE,Ambulance detected at BETWEEN_J2_J4
612,SYSTEM,OVERRIDE,Ambulance detected at BETWEEN_J2_J4
613,SYSTEM,OVERRIDE,Ambulance detected at BETWEEN_J2_J4
614,SYSTEM,OVERRIDE,Ambulance detected at BETWEEN_J2_J4
615,SYSTEM,OVERRIDE,Ambulance detected at BETWEEN_J2_J4
616,SYSTEM,OVERRIDE,Ambulance detected at BETWEEN_J2_J4
617,SYSTEM,OVERRIDE,Ambulance detected at BETWEEN_J2_J4
618,SYSTEM,OVERRIDE,Ambulance detected at BETWEEN_J2_J4
619,SYSTEM,OVERRIDE,Ambulance detected at BETWEEN_J2_J4
620,SYSTEM,OVERRIDE,Ambulance detected at BETWEEN_J2_J4
621,SYSTEM,OVERRIDE,Ambulance detected at BETWEEN_J2_J4
622,SYSTEM,OVERRIDE,Ambulance detected at BETWEEN_J2_J4
623,SYSTEM,OVERRIDE,Ambulance detected at BETWEEN_J2_J4
624,SYSTEM,OVERRIDE,Ambulance detected at BETWEEN_J2_J4
625,SYSTEM,OVERRIDE,Ambulance detected at BETWEEN_J2_J4
626,SYSTEM,OVERRIDE,Ambulance detected at BETWEEN_J2_J4
630,J1,Green EW,High Congestion (15 cars). Clearing queue.
630,J2,Green EW,High Congestion (34 cars). Clearing queue.
630,J3,Green NS,High Congestion (33 cars). Clearing queue.
630,J4,Green EW,High Congestion (30 cars). Clearing queue.
640,J1,Green NS,High Congestion (21 cars). Clearing queue.
640,J2,Green NS,High Congestion (23 cars). Clearing queue.
640,J3,Green EW,High Congestion (19 cars). Clearing queue.
640,J4,Green EW,High Congestion (35 cars). Clearing queue.
643,SYSTEM,OVERRIDE,Ambulance detected at APPROACHING_J1_WEST
644,SYSTEM,OVERRIDE,Ambulance detected at APPROACHING_J1_WEST
645,SYSTEM,OVERRIDE,Ambulance detected at APPROACHING_J1_WEST
646,SYSTEM,OVERRIDE,Ambulance detected at APPROACHING_J1_WEST
647,SYSTEM,OVERRIDE,Ambulance detected at APPROACHING_J1_WEST
648,SYSTEM,OVERRIDE,Ambulance detected at APPROACHING_J1_WEST
649,SYSTEM,OVERRIDE,Ambulance detected at APPROACHING_J1_WEST
650,SYSTEM,OVERRIDE,Ambulance detected at APPROACHING_J1_WEST
651,SYSTEM,OVERRIDE,Ambulance detected at APPROACHING_J1_WEST
652,SYSTEM,OVERRIDE,Ambulance detected at APPROACHING_J1_WEST
653,SYSTEM,OVERRIDE,Ambulance detected at APPROACHING_J1_WEST
654,SYSTEM,OVERRIDE,Ambulance detected at APPROACHING_J1_WEST
655,SYSTEM,OVERRIDE,Ambulance detected at APPROACHING_J1_WEST
656,SYSTEM,OVERRIDE,Ambulance detected at APPROACHING_J1_WEST
657,SYSTEM,OVERRIDE,Ambulance detected at APPROACHING_J1_WEST
658,SYSTEM,OVERRIDE,Ambulance detected at APPROACHING_J1_WEST
659,SYSTEM,OVERRIDE,Ambulance detected at APPROACHING_J1_WEST
660,SYSTEM,OVERRIDE,Ambulance detected at APPROACHING_J1_WEST
661,SYSTEM,OVERRIDE,Ambulance detected at APPROACHING_J1_WEST
662,SYSTEM,OVERRIDE,Ambulance detected at APPROACHING_J1_WEST
663,SYSTEM,OVERRIDE,Ambulance detected at APPROACHING_J1_WEST
664,SYSTEM,OVERRIDE,Ambulance detected at APPROACHING_J1_WEST
665,SYSTEM,OVERRIDE,Ambulance detected at APPROACHING_J1_WEST
666,SYSTEM,OVERRIDE,Ambulance detected at APPROACHING_J1_WEST
667,SYSTEM,OVERRIDE,Ambulance detected at APPROACHING_J1_WEST
668,SYSTEM,OVERRIDE,Ambulance detected at APPROACHING_J1_WEST
669,SYSTEM,OVERRIDE,Ambulance detected at APPROACHING_J1_WEST
670,SYSTEM,OVERRIDE,Ambulance detected at APPROACHING_J1_WEST
671,SYSTEM,OVERRIDE,Ambulance detected at APPROACHING_J1_WEST
672,SYSTEM,OVERRIDE,Ambulance detected at APPROACHING_J1_WEST
673,SYSTEM,OVERRIDE,Ambulance detected at APPROACHING_J1_WEST
674,SYSTEM,OVERRIDE,Ambulance detected at APPROACHING_J1_WEST
675,SYSTEM,OVERRIDE,Ambulance detected at APPROACHING_J1_WEST
676,SYSTEM,OVERRIDE,Ambulance detected at APPROACHING_J1_WEST
677,SYSTEM,OVERRIDE,Ambulance detected at APPROACHING_J1_WEST
678,SYSTEM,OVERRIDE,Ambulance detected at APPROACHING_J1_WEST
679,SYSTEM,OVERRIDE,Ambulance detected at APPROACHING_J1_WEST
680,J1,Green NS,High Congestion (21 cars). Clearing queue.
680,J2,Green EW,High Congestion (23 cars). Clearing queue.
680,J3,Green EW,High Congestion (17 cars). Clearing queue.
680,J4,Green NS,High Congestion (27 cars). Clearing queue.
681,SYSTEM,OVERRIDE,Ambulance detected at BETWEEN_J1_J2
682,SYSTEM,OVERRIDE,Ambulance detected at BETWEEN_J1_J2
683,SYSTEM,OVERRIDE,Ambulance detected at BETWEEN_J1_J2
684,SYSTEM,OVERRIDE,Ambulance detected at BETWEEN_J1_J2
685,SYSTEM,OVERRIDE,Ambulance detected at BETWEEN_J1_J2
686,SYSTEM,OVERRIDE,Ambulance detected at BETWEEN_J1_J2
687,SYSTEM,OVERRIDE,Ambulance detected at BETWEEN_J1_J2
688,SYSTEM,OVERRIDE,Ambulance detected at BETWEEN_J1_J2
689,SYSTEM,OVERRIDE,Ambulance detected at BETWEEN_J1_J2
690,SYSTEM,OVERRIDE,Ambulance detected at BETWEEN_J1_J2
691,SYSTEM,OVERRIDE,Ambulance detected at BETWEEN_J1_J2
692,SYSTEM,OVERRIDE,Ambulance detected at BETWEEN_J1_J2
693,SYSTEM,OVERRIDE,Ambulance detected at BETWEEN_J1_J2
694,SYSTEM,OVERRIDE,Ambulance detected at BETWEEN_J1_J2
695,SYSTEM,OVERRIDE,Ambulance detected at BETWEEN_J1_J2
696,SYSTEM,OVERRIDE,Ambulance detected at BETWEEN_J1_J2
697,SYSTEM,OVERRIDE,Ambulance detected at BETWEEN_J1_J2
698,SYSTEM,OVERRIDE,Ambulance detected at BETWEEN_J1_J2
699,SYSTEM,OVERRIDE,Ambulance detected at BETWEEN_J1_J2
700,SYSTEM,OVERRIDE,Ambulance detected at BETWEEN_J1_J2
701,SYSTEM,OVERRIDE,Ambulance detected at BETWEEN_J1_J2
702,SYSTEM,OVERRIDE,Ambulance detected at BETWEEN_J1_J2
703,SYSTEM,OVERRIDE,Ambulance detected at BETWEEN_J1_J2
704,SYSTEM,OVERRIDE,Ambulance detected at BETWEEN_J1_J2
705,SYSTEM,OVERRIDE,Ambulance detected at BETWEEN_J1_J2
706,SYSTEM,OVERRIDE,Ambulance detected at BETWEEN_J1_J2
707,SYSTEM,OVERRIDE,Ambulance detected at BETWEEN_J1_J2
708,SYSTEM,OVERRIDE,Ambulance detected at BETWEEN_J1_J2
709,SYSTEM,OVERRIDE,Ambulance detected at BETWEEN_J1_J2
710,SYSTEM,OVERRIDE,Ambulance detected at BETWEEN_J1_J2
711,SYSTEM,OVERRIDE,Ambulance detected at BETWEEN_J1_J2
712,SYSTEM,OVERRIDE,Ambulance detected at BETWEEN_J1_J2
713,SYSTEM,OVERRIDE,Ambulance detected at BETWEEN_J1_J2
714,SYSTEM,OVERRIDE,Ambulance detected at BETWEEN_J1_J2
715,SYSTEM,OVERRIDE,Ambulance detected at BETWEEN_J1_J2
717,SYSTEM,OVERRIDE,Ambulance detected at BETWEEN_J2_J4
718,SYSTEM,OVERRIDE,Ambulance detected at BETWEEN_J2_J4
719,SYSTEM,OVERRIDE,Ambulance detected at BETWEEN_J2_J4
720,SYSTEM,OVERRIDE,Ambulance detected at BETWEEN_J2_J4
721,SYSTEM,OVERRIDE,Ambulance detected at BETWEEN_J2_J4
722,SYSTEM,OVERRIDE,Ambulance detected at BETWEEN_J2_J4
723,SYSTEM,OVERRIDE,Ambulance detected at BETWEEN_J2_J4
724,SYSTEM,OVERRIDE,Ambulance detected at BETWEEN_J2_J4
725,SYSTEM,OVERRIDE,Ambulance detected at BETWEEN_J2_J4
726,SYSTEM,OVERRIDE,Ambulance detected at BETWEEN_J2_J4
727,SYSTEM,OVERRIDE,Ambulance detected at BETWEEN_J2_J4
728,SYSTEM,OVERRIDE,Ambulance detected at BETWEEN_J2_J4
729,SYSTEM,OVERRIDE,Ambulance detected at BETWEEN_J2_J4
730,SYSTEM,OVERRIDE,Ambulance detected at BETWEEN_J2_J4
731,SYSTEM,OVERRIDE,Ambulance detected at BETWEEN_J2_J4
732,SYSTEM,OVERRIDE,Ambulance detected at BETWEEN_J2_J4
733,SYSTEM,OVERRIDE,Ambulance detected at BETWEEN_J2_J4
734,SYSTEM,OVERRIDE,Ambulance detected at BETWEEN_J2_J4
735,SYSTEM,OVERRIDE,Ambulance detected at BETWEEN_J2_J4
736,SYSTEM,OVERRIDE,Ambulance detected at BETWEEN_J2_J4
737,SYSTEM,OVERRIDE,Ambulance detected at BETWEEN_J2_J4
738,SYSTEM,OVERRIDE,Ambulance detected at BETWEEN_J2_J4
739,SYSTEM,OVERRIDE,Ambulance detected at BETWEEN_J2_J4
740,SYSTEM,OVERRIDE,Ambulance detected at BETWEEN_J2_J4
741,SYSTEM,OVERRIDE,Ambulance detected at BETWEEN_J2_J4
742,SYSTEM,OVERRIDE,Ambulance detected at BETWEEN_J2_J4
743,SYSTEM,OVERRIDE,Ambulance detected at BETWEEN_J2_J4
744,SYSTEM,OVERRIDE,Ambulance detected at BETWEEN_J2_J4
745,SYSTEM,OVERRIDE,Ambulance detected at BETWEEN_J2_J4
746,SYSTEM,OVERRIDE,Ambulance detected at BETWEEN_J2_J4
747,SYSTEM,OVERRIDE,Ambulance detected at BETWEEN_J2_J4
748,SYSTEM,OVERRIDE,Ambulance detected at BETWEEN_J2_J4
749,SYSTEM,OVERRIDE,Ambulance detected at BETWEEN_J2_J4
750,SYSTEM,OVERRIDE,Ambulance detected at BETWEEN_J2_J4
751,SYSTEM,OVERRIDE,Ambulance detected at BETWEEN_J2_J4
760,J1,Green NS,High Congestion (28 cars). Clearing queue.
760,J2,Green NS,High Congestion (20 cars). Clearing queue.
760,J3,Green EW,High Congestion (43 cars). Clearing queue.
760,J4,Green EW,High Congestion (28 cars). Clearing queue.
768,SYSTEM,OVERRIDE,Ambulance detected at APPROACHING_J1_WEST
769,SYSTEM,OVERRIDE,Ambulance detected at APPROACHING_J1_WEST
770,SYSTEM,OVERRIDE,Ambulance detected at APPROACHING_J1_WEST
771,SYSTEM,OVERRIDE,Ambulance detected at APPROACHING_J1_WEST
772,SYSTEM,OVERRIDE,Ambulance detected at APPROACHING_J1_WEST
773,SYSTEM,OVERRIDE,Ambulance detected at APPROACHING_J1_WEST
774,SYSTEM,OVERRIDE,Ambulance detected at APPROACHING_J1_WEST
775,SYSTEM,OVERRIDE,Ambulance detected at APPROACHING_J1_WEST
776,SYSTEM,OVERRIDE,Ambulance detected at APPROACHING_J1_WEST
777,SYSTEM,OVERRIDE,Ambulance detected at APPROACHING_J1_WEST
778,SYSTEM,OVERRIDE,Ambulance detected at APPROACHING_J1_WEST
779,SYSTEM,OVERRIDE,Ambulance detected at APPROACHING_J1_WEST
780,SYSTEM,OVERRIDE,Ambulance detected at APPROACHING_J1_WEST
781,SYSTEM,OVERRIDE,Ambulance detected at APPROACHING_J1_WEST
782,SYSTEM,OVERRIDE,Ambulance detected at APPROACHING_J1_WEST
783,SYSTEM,OVERRIDE,Ambulance detected at APPROACHING_J1_WEST
784,SYSTEM,OVERRIDE,Ambulance detected at APPROACHING_J1_WEST
785,SYSTEM,OVERRIDE,Ambulance detected at APPROACHING_J1_WEST
786,SYSTEM,OVERRIDE,Ambulance detected at APPROACHING_J1_WEST
787,SYSTEM,OVERRIDE,Ambulance detected at APPROACHING_J1_WEST
788,SYSTEM,OVERRIDE,Ambulance detected at APPROACHING_J1_WEST
789,SYSTEM,OVERRIDE,Ambulance detected at APPROACHING_J1_WEST
790,SYSTEM,OVERRIDE,Ambulance detected at APPROACHING_J1_WEST
791,SYSTEM,OVERRIDE,Ambulance detected at APPROACHING_J1_WEST
792,SYSTEM,OVERRIDE,Ambulance detected at APPROACHING_J1_WEST
793,SYSTEM,OVERRIDE,Ambulance detected at APPROACHING_J1_WEST
794,SYSTEM,OVERRIDE,Ambulance detected at APPROACHING_J1_WEST
795,SYSTEM,OVERRIDE,Ambulance detected at APPROACHING_J1_WEST
796,SYSTEM,OVERRIDE,Ambulance detected at APPROACHING_J1_WEST
797,SYSTEM,OVERRIDE,Ambulance detected at APPROACHING_J1_WEST
798,SYSTEM,OVERRIDE,Ambulance detected at APPROACHING_J1_WEST
799,SYSTEM,OVERRIDE,Ambulance detected at APPROACHING_J1_WEST
800,SYSTEM,OVERRIDE,Ambulance detected at APPROACHING_J1_WEST
801,SYSTEM,OVERRIDE,Ambulance detected at APPROACHING_J1_WEST
802,SYSTEM,OVERRIDE,Ambulance detected at APPROACHING_J1_WEST
803,SYSTEM,OVERRIDE,Ambulance detected at APPROACHING_J1_WEST
804,SYSTEM,OVERRIDE,Ambulance detected at APPROACHING_J1_WEST
805,SYSTEM,OVERRIDE,Ambulance detected at APPROACHING_J1_WEST
806,SYSTEM,OVERRIDE,Ambulance detected at APPROACHING_J1_WEST
807,SYSTEM,OVERRIDE,Ambulance detected at APPROACHING_J1_WEST
809,SYSTEM,OVERRIDE,Ambulance detected at BETWEEN_J1_J2
810,SYSTEM,OVERRIDE,Ambulance detected at BETWEEN_J1_J2
811,SYSTEM,OVERRIDE,Ambulance detected at BETWEEN_J1_J2
812,SYSTEM,OVERRIDE,Ambulance detected at BETWEEN_J1_J2
813,SYSTEM,OVERRIDE,Ambulance detected at BETWEEN_J1_J2
814,SYSTEM,OVERRIDE,Ambulance detected at BETWEEN_J1_J2
815,SYSTEM,OVERRIDE,Ambulance detected at BETWEEN_J1_J2
816,SYSTEM,OVERRIDE,Ambulance detected at BETWEEN_J1_J2
817,SYSTEM,OVERRIDE,Ambulance detected at BETWEEN_J1_J2
818,SYSTEM,OVERRIDE,Ambulance detected at BETWEEN_J1_J2
819,SYSTEM,OVERRIDE,Ambulance detected at BETWEEN_J1_J2
820,SYSTEM,OVERRIDE,Ambulance detected at BETWEEN_J1_J2
821,SYSTEM,OVERRIDE,Ambulance detected at BETWEEN_J1_J2
822,SYSTEM,OVERRIDE,Ambulance detected at BETWEEN_J1_J2
823,SYSTEM,OVERRIDE,Ambulance detected at BETWEEN_J1_J2
824,SYSTEM,OVERRIDE,Ambulance detected at BETWEEN_J1_J2
825,SYSTEM,OVERRIDE,Ambulance detected at BETWEEN_J1_J2
826,SYSTEM,OVERRIDE,Ambulance detected at BETWEEN_J1_J2
827,SYSTEM,OVERRIDE,Ambulance detected at BETWEEN_J1_J2
828,SYSTEM,OVERRIDE,Ambulance detected at BETWEEN_J1_J2
829,SYSTEM,OVERRIDE,Ambulance detected at BETWEEN_J1_J2
830,SYSTEM,OVERRIDE,Ambulance detected at BETWEEN_J1_J2
831,SYSTEM,OVERRIDE,Ambulance detected at BETWEEN_J1_J2
832,SYSTEM,OVERRIDE,Ambulance detected at BETWEEN_J1_J2
833,SYSTEM,OVERRIDE,Ambulance detected at BETWEEN_J1_J2
834,SYSTEM,OVERRIDE,Ambulance detected at BETWEEN_J1_J2
835,SYSTEM,OVERRIDE,Ambulance detected at BETWEEN_J1_J2
836,SYSTEM,OVERRIDE,Ambulance detected at BETWEEN_J1_J2
837,SYSTEM,OVERRIDE,Ambulance detected at BETWEEN_J1_J2
838,SYSTEM,OVERRIDE,Ambulance detected at BETWEEN_J1_J2
839,SYSTEM,OVERRIDE,Ambulance detected at BETWEEN_J1_J2
840,SYSTEM,OVERRIDE,Ambulance detected at BETWEEN_J1_J2
841,SYSTEM,OVERRIDE,Ambulance detected at BETWEEN_J1_J2
842,SYSTEM,OVERRIDE,Ambulance detected at BETWEEN_J1_J2
844,SYSTEM,OVERRIDE,Ambulance detected at BETWEEN_J2_J4
845,SYSTEM,OVERRIDE,Ambulance detected at BETWEEN_J2_J4
846,SYSTEM,OVERRIDE,Ambulance detected at BETWEEN_J2_J4
847,SYSTEM,OVERRIDE,Ambulance detected at BETWEEN_J2_J4
848,SYSTEM,OVERRIDE,Ambulance detected at BETWEEN_J2_J4
849,SYSTEM,OVERRIDE,Ambulance detected at BETWEEN_J2_J4
850,SYSTEM,OVERRIDE,Ambulance detected at BETWEEN_J2_J4
851,SYSTEM,OVERRIDE,Ambulance detected at BETWEEN_J2_J4
852,SYSTEM,OVERRIDE,Ambulance detected at BETWEEN_J2_J4
853,SYSTEM,OVERRIDE,Ambulance detected at BETWEEN_J2_J4
854,SYSTEM,OVERRIDE,Ambulance detected at BETWEEN_J2_J4
855,SYSTEM,OVERRIDE,Ambulance detected at BETWEEN_J2_J4
856,SYSTEM,OVERRIDE,Ambulance detected at BETWEEN_J2_J4
857,SYSTEM,OVERRIDE,Ambulance detected at BETWEEN_J2_J4
858,SYSTEM,OVERRIDE,Ambulance detected at BETWEEN_J2_J4
859,SYSTEM,OVERRIDE,Ambulance detected at BETWEEN_J2_J4
860,SYSTEM,OVERRIDE,Ambulance detected at BETWEEN_J2_J4
861,SYSTEM,OVERRIDE,Ambulance detected at BETWEEN_J2_J4
862,SYSTEM,OVERRIDE,Ambulance detected at BETWEEN_J2_J4
863,SYSTEM,OVERRIDE,Ambulance detected at BETWEEN_J2_J4
864,SYSTEM,OVERRIDE,Ambulance detected at BETWEEN_J2_J4
865,SYSTEM,OVERRIDE,Ambulance detected at BETWEEN_J2_J4
866,SYSTEM,OVERRIDE,Ambulance detected at BETWEEN_J2_J4
867,SYSTEM,OVERRIDE,Ambulance detected at BETWEEN_J2_J4
868,SYSTEM,OVERRIDE,Ambulance detected at BETWEEN_J2_J4
869,SYSTEM,OVERRIDE,Ambulance detected at BETWEEN_J2_J4
870,SYSTEM,OVERRIDE,Ambulance detected at BETWEEN_J2_J4
871,SYSTEM,OVERRIDE,Ambulance detected at BETWEEN_J2_J4
872,SYSTEM,OVERRIDE,Ambulance detected at BETWEEN_J2_J4
873,SYSTEM,OVERRIDE,Ambulance detected at BETWEEN_J2_J4
874,SYSTEM,OVERRIDE,Ambulance detected at BETWEEN_J2_J4
875,SYSTEM,OVERRIDE,Ambulance detected at BETWEEN_J2_J4
876,SYSTEM,OVERRIDE,Ambulance detected at BETWEEN_J2_J4
877,SYSTEM,OVERRIDE,Ambulance detected at BETWEEN_J2_J4
880,J1,Green EW,High Congestion (24 cars). Clearing queue.
880,J2,Green EW,High Congestion (30 cars). Clearing queue.
880,J3,Green EW,High Congestion (24 cars). Clearing queue.
880,J4,Green EW,High Congestion (28 cars). Clearing queue.
890,J1,Green NS,High Congestion (31 cars). Clearing queue.
890,J2,Green NS,High Congestion (17 cars). Clearing queue.
890,J3,Green NS,High Congestion (27 cars). Clearing queue.
890,J4,Green NS,High Congestion (20 cars). Clearing queue.
895,SYSTEM,OVERRIDE,Ambulance detected at APPROACHING_J1_WEST
896,SYSTEM,OVERRIDE,Ambulance detected at APPROACHING_J1_WEST
897,SYSTEM,OVERRIDE,Ambulance detected at APPROACHING_J1_WEST
898,SYSTEM,OVERRIDE,Ambulance detected at APPROACHING_J1_WEST
899,SYSTEM,OVERRIDE,Ambulance detected at APPROACHING_J1_WEST
900,SYSTEM,OVERRIDE,Ambulance detected at APPROACHING_J1_WEST
901,SYSTEM,OVERRIDE,Ambulance detected at APPROACHING_J1_WEST
902,SYSTEM,OVERRIDE,Ambulance detected at APPROACHING_J1_WEST
903,SYSTEM,OVERRIDE,Ambulance detected at APPROACHING_J1_WEST
904,SYSTEM,OVERRIDE,Ambulance detected at APPROACHING_J1_WEST
905,SYSTEM,OVERRIDE,Ambulance detected at APPROACHING_J1_WEST
906,SYSTEM,OVERRIDE,Ambulance detected at APPROACHING_J1_WEST
907,SYSTEM,OVERRIDE,Ambulance detected at APPROACHING_J1_WEST
908,SYSTEM,OVERRIDE,Ambulance detected at APPROACHING_J1_WEST
909,SYSTEM,OVERRIDE,Ambulance detected at APPROACHING_J1_WEST
910,SYSTEM,OVERRIDE,Ambulance detected at APPROACHING_J1_WEST
911,SYSTEM,OVERRIDE,Ambulance detected at APPROACHING_J1_WEST
912,SYSTEM,OVERRIDE,Ambulance detected at APPROACHING_J1_WEST
913,SYSTEM,OVERRIDE,Ambulance detected at APPROACHING_J1_WEST
914,SYSTEM,OVERRIDE,Ambulance detected at APPROACHING_J1_WEST
915,SYSTEM,OVERRIDE,Ambulance detected at APPROACHING_J1_WEST
916,SYSTEM,OVERRIDE,Ambulance detected at APPROACHING_J1_WEST
917,SYSTEM,OVERRIDE,Ambulance detected at APPROACHING_J1_WEST
918,SYSTEM,OVERRIDE,Ambulance detected at APPROACHING_J1_WEST
919,SYSTEM,OVERRIDE,Ambulance detected at APPROACHING_J1_WEST
920,SYSTEM,OVERRIDE,Ambulance detected at APPROACHING_J1_WEST
921,SYSTEM,OVERRIDE,Ambulance detected at APPROACHING_J1_WEST
922,SYSTEM,OVERRIDE,Ambulance detected at APPROACHING_J1_WEST
923,SYSTEM,OVERRIDE,Ambulance detected at APPROACHING_J1_WEST
924,SYSTEM,OVERRIDE,Ambulance detected at APPROACHING_J1_WEST
925,SYSTEM,OVERRIDE,Ambulance detected at APPROACHING_J1_WEST
926,SYSTEM,OVERRIDE,Ambulance detected at APPROACHING_J1_WEST
927,SYSTEM,OVERRIDE,Ambulance detected at APPROACHING_J1_WEST
928,SYSTEM,OVERRIDE,Ambulance detected at APPROACHING_J1_WEST
929,SYSTEM,OVERRIDE,Ambulance detected at APPROACHING_J1_WEST
930,SYSTEM,OVERRIDE,Ambulance detected at APPROACHING_J1_WEST
932,SYSTEM,OVERRIDE,Ambulance detected at BETWEEN_J1_J2
933,SYSTEM,OVERRIDE,Ambulance detected at BETWEEN_J1_J2
934,SYSTEM,OVERRIDE,Ambulance detected at BETWEEN_J1_J2
935,SYSTEM,OVERRIDE,Ambulance detected at BETWEEN_J1_J2
936,SYSTEM,OVERRIDE,Ambulance detected at BETWEEN_J1_J2
937,SYSTEM,OVERRIDE,Ambulance detected at BETWEEN_J1_J2
938,SYSTEM,OVERRIDE,Ambulance detected at BETWEEN_J1_J2
939,SYSTEM,OVERRIDE,Ambulance detected at BETWEEN_J1_J2
940,SYSTEM,OVERRIDE,Ambulance detected at BETWEEN_J1_J2
941,SYSTEM,OVERRIDE,Ambulance detected at BETWEEN_J1_J2
942,SYSTEM,OVERRIDE,Ambulance detected at BETWEEN_J1_J2
943,SYSTEM,OVERRIDE,Ambulance detected at BETWEEN_J1_J2
944,SYSTEM,OVERRIDE,Ambulance detected at BETWEEN_J1_J2
945,SYSTEM,OVERRIDE,Ambulance detected at BETWEEN_J1_J2
946,SYSTEM,OVERRIDE,Ambulance detected at BETWEEN_J1_J2
947,SYSTEM,OVERRIDE,Ambulance detected at BETWEEN_J1_J2
948,SYSTEM,OVERRIDE,Ambulance detected at BETWEEN_J1_J2
949,SYSTEM,OVERRIDE,Ambulance detected at BETWEEN_J1_J2
950,SYSTEM,OVERRIDE,Ambulance detected at BETWEEN_J1_J2
951,SYSTEM,OVERRIDE,Ambulance detected at BETWEEN_J1_J2
952,SYSTEM,OVERRIDE,Ambulance detected at BETWEEN_J1_J2
953,SYSTEM,OVERRIDE,Ambulance detected at BETWEEN_J1_J2
954,SYSTEM,OVERRIDE,Ambulance detected at BETWEEN_J1_J2
955,SYSTEM,OVERRIDE,Ambulance detected at BETWEEN_J1_J2
956,SYSTEM,OVERRIDE,Ambulance detected at BETWEEN_J1_J2
957,SYSTEM,OVERRIDE,Ambulance detected at BETWEEN_J1_J2
958,SYSTEM,OVERRIDE,Ambulance detected at BETWEEN_J1_J2
959,SYSTEM,OVERRIDE,Ambulance detected at BETWEEN_J1_J2
960,SYSTEM,OVERRIDE,Ambulance detected at BETWEEN_J1_J2
961,SYSTEM,OVERRIDE,Ambulance detected at BETWEEN_J1_J2
962,SYSTEM,OVERRIDE,Ambulance detected at BETWEEN_J1_J2
963,SYSTEM,OVERRIDE,Ambulance detected at BETWEEN_J1_J2
964,SYSTEM,OVERRIDE,Ambulance detected at BETWEEN_J1_J2
965,SYSTEM,OVERRIDE,Ambulance detected at BETWEEN_J1_J2
966,SYSTEM,OVERRIDE,Ambulance detected at BETWEEN_J1_J2
968,SYSTEM,OVERRIDE,Ambulance detected at BETWEEN_J2_J4
969,SYSTEM,OVERRIDE,Ambulance detected at BETWEEN_J2_J4
970,SYSTEM,OVERRIDE,Ambulance detected at BETWEEN_J2_J4
971,SYSTEM,OVERRIDE,Ambulance detected at BETWEEN_J2_J4
972,SYSTEM,OVERRIDE,Ambulance detected at BETWEEN_J2_J4
973,SYSTEM,OVERRIDE,Ambulance detected at BETWEEN_J2_J4
974,SYSTEM,OVERRIDE,Ambulance detected at BETWEEN_J2_J4
975,SYSTEM,OVERRIDE,Ambulance detected at BETWEEN_J2_J4
976,SYSTEM,OVERRIDE,Ambulance detected at BETWEEN_J2_J4
977,SYSTEM,OVERRIDE,Ambulance detected at BETWEEN_J2_J4
978,SYSTEM,OVERRIDE,Ambulance detected at BETWEEN_J2_J4
979,SYSTEM,OVERRIDE,Ambulance detected at BETWEEN_J2_J4
980,SYSTEM,OVERRIDE,Ambulance detected at BETWEEN_J2_J4
981,SYSTEM,OVERRIDE,Ambulance detected at BETWEEN_J2_J4
982,SYSTEM,OVERRIDE,Ambulance detected at BETWEEN_J2_J4
983,SYSTEM,OVERRIDE,Ambulance detected at BETWEEN_J2_J4
984,SYSTEM,OVERRIDE,Ambulance detected at BETWEEN_J2_J4
985,SYSTEM,OVERRIDE,Ambulance detected at BETWEEN_J2_J4
986,SYSTEM,OVERRIDE,Ambulance detected at BETWEEN_J2_J4
987,SYSTEM,OVERRIDE,Ambulance detected at BETWEEN_J2_J4
988,SYSTEM,OVERRIDE,Ambulance detected at BETWEEN_J2_J4
989,SYSTEM,OVERRIDE,Ambulance detected at BETWEEN_J2_J4
990,SYSTEM,OVERRIDE,Ambulance detected at BETWEEN_J2_J4
991,SYSTEM,OVERRIDE,Ambulance detected at BETWEEN_J2_J4
992,SYSTEM,OVERRIDE,Ambulance detected at BETWEEN_J2_J4
993,SYSTEM,OVERRIDE,Ambulance detected at BETWEEN_J2_J4
994,SYSTEM,OVERRIDE,Ambulance detected at BETWEEN_J2_J4
995,SYSTEM,OVERRIDE,Ambulance detected at BETWEEN_J2_J4
996,SYSTEM,OVERRIDE,Ambulance detected at BETWEEN_J2_J4
997,SYSTEM,OVERRIDE,Ambulance detected at BETWEEN_J2_J4
998,SYSTEM,OVERRIDE,Ambulance detected at BETWEEN_J2_J4
999,SYSTEM,OVERRIDE,Ambulance detected at BETWEEN_J2_J4
1000,SYSTEM,OVERRIDE,Ambulance detected at BETWEEN_J2_J4
1001,SYSTEM,OVERRIDE,Ambulance detected at BETWEEN_J2_J4
1010,J1,Green EW,High Congestion (24 cars). Clearing queue.
1010,J2,Green EW,High Congestion (19 cars). Clearing queue.
1010,J3,Green NS,High Congestion (36 cars). Clearing queue.
1010,J4,Green NS,High Congestion (19 cars). Clearing queue.
1019,SYSTEM,OVERRIDE,Ambulance detected at APPROACHING_J1_WEST
1020,SYSTEM,OVERRIDE,Ambulance detected at APPROACHING_J1_WEST
1021,SYSTEM,OVERRIDE,Ambulance detected at APPROACHING_J1_WEST
1022,SYSTEM,OVERRIDE,Ambulance detected at APPROACHING_J1_WEST
1023,SYSTEM,OVERRIDE,Ambulance detected at APPROACHING_J1_WEST
1024,SYSTEM,OVERRIDE,Ambulance detected at APPROACHING_J1_WEST
1025,SYSTEM,OVERRIDE,Ambulance detected at APPROACHING_J1_WEST
1026,SYSTEM,OVERRIDE,Ambulance detected at APPROACHING_J1_WEST
1027,SYSTEM,OVERRIDE,Ambulance detected at APPROACHING_J1_WEST
1028,SYSTEM,OVERRIDE,Ambulance detected at APPROACHING_J1_WEST
1029,SYSTEM,OVERRIDE,Ambulance detected at APPROACHING_J1_WEST
1030,SYSTEM,OVERRIDE,Ambulance detected at APPROACHING_J1_WEST
1031,SYSTEM,OVERRIDE,Ambulance detected at APPROACHING_J1_WEST
1032,SYSTEM,OVERRIDE,Ambulance detected at APPROACHING_J1_WEST
1033,SYSTEM,OVERRIDE,Ambulance detected at APPROACHING_J1_WEST
1034,SYSTEM,OVERRIDE,Ambulance detected at APPROACHING_J1_WEST
1035,SYSTEM,OVERRIDE,Ambulance detected at APPROACHING_J1_WEST
1036,SYSTEM,OVERRIDE,Ambulance detected at APPROACHING_J1_WEST
1037,SYSTEM,OVERRIDE,Ambulance detected at APPROACHING_J1_WEST
1038,SYSTEM,OVERRIDE,Ambulance detected at APPROACHING_J1_WEST
1039,SYSTEM,OVERRIDE,Ambulance detected at APPROACHING_J1_WEST
1040,SYSTEM,OVERRIDE,Ambulance detected at APPROACHING_J1_WEST
1041,SYSTEM,OVERRIDE,Ambulance detected at APPROACHING_J1_WEST
1042,SYSTEM,OVERRIDE,Ambulance detected at APPROACHING_J1_WEST
1043,SYSTEM,OVERRIDE,Ambulance detected at APPROACHING_J1_WEST
1044,SYSTEM,OVERRIDE,Ambulance detected at APPROACHING_J1_WEST
1045,SYSTEM,OVERRIDE,Ambulance detected at APPROACHING_J1_WEST
1046,SYSTEM,OVERRIDE,Ambulance detected at APPROACHING_J1_WEST
1047,SYSTEM,OVERRIDE,Ambulance detected at APPROACHING_J1_WEST
1048,SYSTEM,OVERRIDE,Ambulance detected at APPROACHING_J1_WEST
1049,SYSTEM,OVERRIDE,Ambulance detected at APPROACHING_J1_WEST
1050,SYSTEM,OVERRIDE,Ambulance detected at APPROACHING_J1_WEST
1051,SYSTEM,OVERRIDE,Ambulance detected at APPROACHING_J1_WEST
1052,SYSTEM,OVERRIDE,Ambulance detected at APPROACHING_J1_WEST
1053,SYSTEM,OVERRIDE,Ambulance detected at APPROACHING_J1_WEST
1054,SYSTEM,OVERRIDE,Ambulance detected at APPROACHING_J1_WEST
1055,SYSTEM,OVERRIDE,Ambulance detected at APPROACHING_J1_WEST
1057,SYSTEM,OVERRIDE,Ambulance detected at BETWEEN_J1_J2
1058,SYSTEM,OVERRIDE,Ambulance detected at BETWEEN_J1_J2
1059,SYSTEM,OVERRIDE,Ambulance detected at BETWEEN_J1_J2
1060,SYSTEM,OVERRIDE,Ambulance detected at BETWEEN_J1_J2
1061,SYSTEM,OVERRIDE,Ambulance detected at BETWEEN_J1_J2
1062,SYSTEM,OVERRIDE,Ambulance detected at BETWEEN_J1_J2
1063,SYSTEM,OVERRIDE,Ambulance detected at BETWEEN_J1_J2
1064,SYSTEM,OVERRIDE,Ambulance detected at BETWEEN_J1_J2
1065,SYSTEM,OVERRIDE,Ambulance detected at BETWEEN_J1_J2
1066,SYSTEM,OVERRIDE,Ambulance detected at BETWEEN_J1_J2
1067,SYSTEM,OVERRIDE,Ambulance detected at BETWEEN_J1_J2
1068,SYSTEM,OVERRIDE,Ambulance detected at BETWEEN_J1_J2
1069,SYSTEM,OVERRIDE,Ambulance detected at BETWEEN_J1_J2
1070,SYSTEM,OVERRIDE,Ambulance detected at BETWEEN_J1_J2
1071,SYSTEM,OVERRIDE,Ambulance detected at BETWEEN_J1_J2
1072,SYSTEM,OVERRIDE,Ambulance detected at BETWEEN_J1_J2
1073,SYSTEM,OVERRIDE,Ambulance detected at BETWEEN_J1_J2
1074,SYSTEM,OVERRIDE,Ambulance detected at BETWEEN_J1_J2
1075,SYSTEM,OVERRIDE,Ambulance detected at BETWEEN_J1_J2
1076,SYSTEM,OVERRIDE,Ambulance detected at BETWEEN_J1_J2
1077,SYSTEM,OVERRIDE,Ambulance detected at BETWEEN_J1_J2
1078,SYSTEM,OVERRIDE,Ambulance detected at BETWEEN_J1_J2
1079,SYSTEM,OVERRIDE,Ambulance detected at BETWEEN_J1_J2
1080,SYSTEM,OVERRIDE,Ambulance detected at BETWEEN_J1_J2
1081,SYSTEM,OVERRIDE,Ambulance detected at BETWEEN_J1_J2
1082,SYSTEM,OVERRIDE,Ambulance detected at BETWEEN_J1_J2
1083,SYSTEM,OVERRIDE,Ambulance detected at BETWEEN_J1_J2
1084,SYSTEM,OVERRIDE,Ambulance detected at BETWEEN_J1_J2
1085,SYSTEM,OVERRIDE,Ambulance detected at BETWEEN_J1_J2
1086,SYSTEM,OVERRIDE,Ambulance detected at BETWEEN_J1_J2
1087,SYSTEM,OVERRIDE,Ambulance detected at BETWEEN_J1_J2
1088,SYSTEM,OVERRIDE,Ambulance detected at BETWEEN_J1_J2
1089,SYSTEM,OVERRIDE,Ambulance detected at BETWEEN_J1_J2
1090,SYSTEM,OVERRIDE,Ambulance detected at BETWEEN_J1_J2
1092,SYSTEM,OVERRIDE,Ambulance detected at BETWEEN_J2_J4
1093,SYSTEM,OVERRIDE,Ambulance detected at BETWEEN_J2_J4
1094,SYSTEM,OVERRIDE,Ambulance detected at BETWEEN_J2_J4
1095,SYSTEM,OVERRIDE,Ambulance detected at BETWEEN_J2_J4
1096,SYSTEM,OVERRIDE,Ambulance detected at BETWEEN_J2_J4
1097,SYSTEM,OVERRIDE,Ambulance detected at BETWEEN_J2_J4
1098,SYSTEM,OVERRIDE,Ambulance detected at BETWEEN_J2_J4
1099,SYSTEM,OVERRIDE,Ambulance detected at BETWEEN_J2_J4
1100,SYSTEM,OVERRIDE,Ambulance detected at BETWEEN_J2_J4
1101,SYSTEM,OVERRIDE,Ambulance detected at BETWEEN_J2_J4
1102,SYSTEM,OVERRIDE,Ambulance detected at BETWEEN_J2_J4
1103,SYSTEM,OVERRIDE,Ambulance detected at BETWEEN_J2_J4
1104,SYSTEM,OVERRIDE,Ambulance detected at BETWEEN_J2_J4
1105,SYSTEM,OVERRIDE,Ambulance detected at BETWEEN_J2_J4
1106,SYSTEM,OVERRIDE,Ambulance detected at BETWEEN_J2_J4
1107,SYSTEM,OVERRIDE,Ambulance detected at BETWEEN_J2_J4
1108,SYSTEM,OVERRIDE,Ambulance detected at BETWEEN_J2_J4
1109,SYSTEM,OVERRIDE,Ambulance detected at BETWEEN_J2_J4
1110,SYSTEM,OVERRIDE,Ambulance detected at BETWEEN_J2_J4
1111,SYSTEM,OVERRIDE,Ambulance detected at BETWEEN_J2_J4
1112,SYSTEM,OVERRIDE,Ambulance detected at BETWEEN_J2_J4
1113,SYSTEM,OVERRIDE,Ambulance detected at BETWEEN_J2_J4
1114,SYSTEM,OVERRIDE,Ambulance detected at BETWEEN_J2_J4
1115,SYSTEM,OVERRIDE,Ambulance detected at BETWEEN_J2_J4
1116,SYSTEM,OVERRIDE,Ambulance detected at BETWEEN_J2_J4
1117,SYSTEM,OVERRIDE,Ambulance detected at BETWEEN_J2_J4
1118,SYSTEM,OVERRIDE,Ambulance detected at BETWEEN_J2_J4
1119,SYSTEM,OVERRIDE,Ambulance detected at BETWEEN_J2_J4
1120,SYSTEM,OVERRIDE,Ambulance detected at BETWEEN_J2_J4
1121,SYSTEM,OVERRIDE,Ambulance detected at BETWEEN_J2_J4
1122,SYSTEM,OVERRIDE,Ambulance detected at BETWEEN_J2_J4
1123,SYSTEM,OVERRIDE,Ambulance detected at BETWEEN_J2_J4
1124,SYSTEM,OVERRIDE,Ambulance detected at BETWEEN_J2_J4
1125,SYSTEM,OVERRIDE,Ambulance detected at BETWEEN_J2_J4
1130,J1,Green NS,High Congestion (21 cars). Clearing queue.
1130,J2,Green EW,High Congestion (22 cars). Clearing queue.
1130,J3,Green EW,High Congestion (24 cars). Clearing queue.
1130,J4,Green EW,High Congestion (26 cars). Clearing queue.
1140,J1,Green NS,High Congestion (22 cars). Clearing queue.
1140,J2,Green EW,High Congestion (18 cars). Clearing queue.
1140,J3,Green NS,High Congestion (18 cars). Clearing queue.
1140,J4,Green NS,High Congestion (18 cars). Clearing queue.
1143,SYSTEM,OVERRIDE,Ambulance detected at APPROACHING_J1_WEST
1144,SYSTEM,OVERRIDE,Ambulance detected at APPROACHING_J1_WEST
1145,SYSTEM,OVERRIDE,Ambulance detected at APPROACHING_J1_WEST
1146,SYSTEM,OVERRIDE,Ambulance detected at APPROACHING_J1_WEST
1147,SYSTEM,OVERRIDE,Ambulance detected at APPROACHING_J1_WEST
1148,SYSTEM,OVERRIDE,Ambulance detected at APPROACHING_J1_WEST
1149,SYSTEM,OVERRIDE,Ambulance detected at APPROACHING_J1_WEST
1150,SYSTEM,OVERRIDE,Ambulance detected at APPROACHING_J1_WEST
1151,SYSTEM,OVERRIDE,Ambulance detected at APPROACHING_J1_WEST
1152,SYSTEM,OVERRIDE,Ambulance detected at APPROACHING_J1_WEST
1153,SYSTEM,OVERRIDE,Ambulance detected at APPROACHING_J1_WEST
1154,SYSTEM,OVERRIDE,Ambulance detected at APPROACHING_J1_WEST
1155,SYSTEM,OVERRIDE,Ambulance detected at APPROACHING_J1_WEST
1156,SYSTEM,OVERRIDE,Ambulance detected at APPROACHING_J1_WEST
1157,SYSTEM,OVERRIDE,Ambulance detected at APPROACHING_J1_WEST
1158,SYSTEM,OVERRIDE,Ambulance detected at APPROACHING_J1_WEST
1159,SYSTEM,OVERRIDE,Ambulance detected at APPROACHING_J1_WEST
1160,SYSTEM,OVERRIDE,Ambulance detected at APPROACHING_J1_WEST
1161,SYSTEM,OVERRIDE,Ambulance detected at APPROACHING_J1_WEST
1162,SYSTEM,OVERRIDE,Ambulance detected at APPROACHING_J1_WEST
1163,SYSTEM,OVERRIDE,Ambulance detected at APPROACHING_J1_WEST
1164,SYSTEM,OVERRIDE,Ambulance detected at APPROACHING_J1_WEST
1165,SYSTEM,OVERRIDE,Ambulance detected at APPROACHING_J1_WEST
1166,SYSTEM,OVERRIDE,Ambulance detected at APPROACHING_J1_WEST
1167,SYSTEM,OVERRIDE,Ambulance detected at APPROACHING_J1_WEST
1168,SYSTEM,OVERRIDE,Ambulance detected at APPROACHING_J1_WEST
1169,SYSTEM,OVERRIDE,Ambulance detected at APPROACHING_J1_WEST
1170,SYSTEM,OVERRIDE,Ambulance detected at APPROACHING_J1_WEST
1171,SYSTEM,OVERRIDE,Ambulance detected at APPROACHING_J1_WEST
1172,SYSTEM,OVERRIDE,Ambulance detected at APPROACHING_J1_WEST
1173,SYSTEM,OVERRIDE,Ambulance detected at APPROACHING_J1_WEST
1174,SYSTEM,OVERRIDE,Ambulance detected at APPROACHING_J1_WEST
1175,SYSTEM,OVERRIDE,Ambulance detected at APPROACHING_J1_WEST
1176,SYSTEM,OVERRIDE,Ambulance detected at APPROACHING_J1_WEST
1177,SYSTEM,OVERRIDE,Ambulance detected at APPROACHING_J1_WEST
1178,SYSTEM,OVERRIDE,Ambulance detected at APPROACHING_J1_WEST
1179,SYSTEM,OVERRIDE,Ambulance detected at APPROACHING_J1_WEST
1180,SYSTEM,OVERRIDE,Ambulance detected at APPROACHING_J1_WEST
1181,SYSTEM,OVERRIDE,Ambulance detected at APPROACHING_J1_WEST
1183,SYSTEM,OVERRIDE,Ambulance detected at BETWEEN_J1_J2
1184,SYSTEM,OVERRIDE,Ambulance detected at BETWEEN_J1_J2
1185,SYSTEM,OVERRIDE,Ambulance detected at BETWEEN_J1_J2
1186,SYSTEM,OVERRIDE,Ambulance detected at BETWEEN_J1_J2
1187,SYSTEM,OVERRIDE,Ambulance detected at BETWEEN_J1_J2
1188,SYSTEM,OVERRIDE,Ambulance detected at BETWEEN_J1_J2
1189,SYSTEM,OVERRIDE,Ambulance detected at BETWEEN_J1_J2
1190,SYSTEM,OVERRIDE,Ambulance detected at BETWEEN_J1_J2
1191,SYSTEM,OVERRIDE,Ambulance detected at BETWEEN_J1_J2
1192,SYSTEM,OVERRIDE,Ambulance detected at BETWEEN_J1_J2
1193,SYSTEM,OVERRIDE,Ambulance detected at BETWEEN_J1_J2
1194,SYSTEM,OVERRIDE,Ambulance detected at BETWEEN_J1_J2
1195,SYSTEM,OVERRIDE,Ambulance detected at BETWEEN_J1_J2
1196,SYSTEM,OVERRIDE,Ambulance detected at BETWEEN_J1_J2
1197,SYSTEM,OVERRIDE,Ambulance detected at BETWEEN_J1_J2
1198,SYSTEM,OVERRIDE,Ambulance detected at BETWEEN_J1_J2
1199,SYSTEM,OVERRIDE,Ambulance detected at BETWEEN_J1_J2
1200,SYSTEM,OVERRIDE,Ambulance detected at BETWEEN_J1_J2
1201,SYSTEM,OVERRIDE,Ambulance detected at BETWEEN_J1_J2
1202,SYSTEM,OVERRIDE,Ambulance detected at BETWEEN_J1_J2
1203,SYSTEM,OVERRIDE,Ambulance detected at BETWEEN_J1_J2
1204,SYSTEM,OVERRIDE,Ambulance detected at BETWEEN_J1_J2
1205,SYSTEM,OVERRIDE,Ambulance detected at BETWEEN_J1_J2
1206,SYSTEM,OVERRIDE,Ambulance detected at BETWEEN_J1_J2
1207,SYSTEM,OVERRIDE,Ambulance detected at BETWEEN_J1_J2
1208,SYSTEM,OVERRIDE,Ambulance detected at BETWEEN_J1_J2
1209,SYSTEM,OVERRIDE,Ambulance detected at BETWEEN_J1_J2
1210,SYSTEM,OVERRIDE,Ambulance detected at BETWEEN_J1_J2
1211,SYSTEM,OVERRIDE,Ambulance detected at BETWEEN_J1_J2
1212,SYSTEM,OVERRIDE,Ambulance detected at BETWEEN_J1_J2
1213,SYSTEM,OVERRIDE,Ambulance detected at BETWEEN_J1_J2
1214,SYSTEM,OVERRIDE,Ambulance detected at BETWEEN_J1_J2
1215,SYSTEM,OVERRIDE,Ambulance detected at BETWEEN_J1_J2
1216,SYSTEM,OVERRIDE,Ambulance detected at BETWEEN_J1_J2
1217,SYSTEM,OVERRIDE,Ambulance detected at BETWEEN_J1_J2
1219,SYSTEM,OVERRIDE,Ambulance detected at BETWEEN_J2_J4
1220,SYSTEM,OVERRIDE,Ambulance detected at BETWEEN_J2_J4
1221,SYSTEM,OVERRIDE,Ambulance detected at BETWEEN_J2_J4
1222,SYSTEM,OVERRIDE,Ambulance detected at BETWEEN_J2_J4
1223,SYSTEM,OVERRIDE,Ambulance detected at BETWEEN_J2_J4
1224,SYSTEM,OVERRIDE,Ambulance detected at BETWEEN_J2_J4
1225,SYSTEM,OVERRIDE,Ambulance detected at BETWEEN_J2_J4
1226,SYSTEM,OVERRIDE,Ambulance detected at BETWEEN_J2_J4
1227,SYSTEM,OVERRIDE,Ambulance detected at BETWEEN_J2_J4
1228,SYSTEM,OVERRIDE,Ambulance detected at BETWEEN_J2_J4
1229,SYSTEM,OVERRIDE,Ambulance detected at BETWEEN_J2_J4
1230,SYSTEM,OVERRIDE,Ambulance detected at BETWEEN_J2_J4
1231,SYSTEM,OVERRIDE,Ambulance detected at BETWEEN_J2_J4
1232,SYSTEM,OVERRIDE,Ambulance detected at BETWEEN_J2_J4
1233,SYSTEM,OVERRIDE,Ambulance detected at BETWEEN_J2_J4
1234,SYSTEM,OVERRIDE,Ambulance detected at BETWEEN_J2_J4
1235,SYSTEM,OVERRIDE,Ambulance detected at BETWEEN_J2_J4
1236,SYSTEM,OVERRIDE,Ambulance detected at BETWEEN_J2_J4
1237,SYSTEM,OVERRIDE,Ambulance detected at BETWEEN_J2_J4
1238,SYSTEM,OVERRIDE,Ambulance detected at BETWEEN_J2_J4
1239,SYSTEM,OVERRIDE,Ambulance detected at BETWEEN_J2_J4
1240,SYSTEM,OVERRIDE,Ambulance detected at BETWEEN_J2_J4
1241,SYSTEM,OVERRIDE,Ambulance detected at BETWEEN_J2_J4
1242,SYSTEM,OVERRIDE,Ambulance detected at BETWEEN_J2_J4
1243,SYSTEM,OVERRIDE,Ambulance detected at BETWEEN_J2_J4
1244,SYSTEM,OVERRIDE,Ambulance detected at BETWEEN_J2_J4
1245,SYSTEM,OVERRIDE,Ambulance detected at BETWEEN_J2_J4
1246,SYSTEM,OVERRIDE,Ambulance detected at BETWEEN_J2_J4
1247,SYSTEM,OVERRIDE,Ambulance detected at BETWEEN_J2_J4
1248,SYSTEM,OVERRIDE,Ambulance detected at BETWEEN_J2_J4
1249,SYSTEM,OVERRIDE,Ambulance detected at BETWEEN_J2_J4
1250,SYSTEM,OVERRIDE,Ambulance detected at BETWEEN_J2_J4
1251,SYSTEM,OVERRIDE,Ambulance detected at BETWEEN_J2_J4
1252,SYSTEM,OVERRIDE,Ambulance detected at BETWEEN_J2_J4
1260,J1,Green NS,High Congestion (25 cars). Clearing queue.
1260,J2,Green EW,High Congestion (17 cars). Clearing queue.
1260,J3,Green EW,High Congestion (30 cars). Clearing queue.
1260,J4,Green EW,High Congestion (21 cars). Clearing queue.
1269,SYSTEM,OVERRIDE,Ambulance detected at APPROACHING_J1_WEST
1270,SYSTEM,OVERRIDE,Ambulance detected at APPROACHING_J1_WEST
1271,SYSTEM,OVERRIDE,Ambulance detected at APPROACHING_J1_WEST
1272,SYSTEM,OVERRIDE,Ambulance detected at APPROACHING_J1_WEST
1273,SYSTEM,OVERRIDE,Ambulance detected at APPROACHING_J1_WEST
1274,SYSTEM,OVERRIDE,Ambulance detected at APPROACHING_J1_WEST
1275,SYSTEM,OVERRIDE,Ambulance detected at APPROACHING_J1_WEST
1276,SYSTEM,OVERRIDE,Ambulance detected at APPROACHING_J1_WEST
1277,SYSTEM,OVERRIDE,Ambulance detected at APPROACHING_J1_WEST
1278,SYSTEM,OVERRIDE,Ambulance detected at APPROACHING_J1_WEST
1279,SYSTEM,OVERRIDE,Ambulance detected at APPROACHING_J1_WEST
1280,SYSTEM,OVERRIDE,Ambulance detected at APPROACHING_J1_WEST
1281,SYSTEM,OVERRIDE,Ambulance detected at APPROACHING_J1_WEST
1282,SYSTEM,OVERRIDE,Ambulance detected at APPROACHING_J1_WEST
1283,SYSTEM,OVERRIDE,Ambulance detected at APPROACHING_J1_WEST
1284,SYSTEM,OVERRIDE,Ambulance detected at APPROACHING_J1_WEST
1285,SYSTEM,OVERRIDE,Ambulance detected at APPROACHING_J1_WEST
1286,SYSTEM,OVERRIDE,Ambulance detected at APPROACHING_J1_WEST
1287,SYSTEM,OVERRIDE,Ambulance detected at APPROACHING_J1_WEST
1288,SYSTEM,OVERRIDE,Ambulance detected at APPROACHING_J1_WEST
1289,SYSTEM,OVERRIDE,Ambulance detected at APPROACHING_J1_WEST
1290,SYSTEM,OVERRIDE,Ambulance detected at APPROACHING_J1_WEST
1291,SYSTEM,OVERRIDE,Ambulance detected at APPROACHING_J1_WEST
1292,SYSTEM,OVERRIDE,Ambulance detected at APPROACHING_J1_WEST
1293,SYSTEM,OVERRIDE,Ambulance detected at APPROACHING_J1_WEST
1294,SYSTEM,OVERRIDE,Ambulance detected at APPROACHING_J1_WEST
1295,SYSTEM,OVERRIDE,Ambulance detected at APPROACHING_J1_WEST
1296,SYSTEM,OVERRIDE,Ambulance detected at APPROACHING_J1_WEST
1297,SYSTEM,OVERRIDE,Ambulance detected at APPROACHING_J1_WEST
1298,SYSTEM,OVERRIDE,Ambulance detected at APPROACHING_J1_WEST
1299,SYSTEM,OVERRIDE,Ambulance detected at APPROACHING_J1_WEST
1300,SYSTEM,OVERRIDE,Ambulance detected at APPROACHING_J1_WEST
1301,SYSTEM,OVERRIDE,Ambulance detected at APPROACHING_J1_WEST
1302,SYSTEM,OVERRIDE,Ambulance detected at APPROACHING_J1_WEST
1303,SYSTEM,OVERRIDE,Ambulance detected at APPROACHING_J1_WEST
1304,SYSTEM,OVERRIDE,Ambulance detected at APPROACHING_J1_WEST
1305,SYSTEM,OVERRIDE,Ambulance detected at APPROACHING_J1_WEST
1306,SYSTEM,OVERRIDE,Ambulance detected at APPROACHING_J1_WEST
1307,SYSTEM,OVERRIDE,Ambulance detected at APPROACHING_J1_WEST
1309,SYSTEM,OVERRIDE,Ambulance detected at BETWEEN_J1_J2
1310,SYSTEM,OVERRIDE,Ambulance detected at BETWEEN_J1_J2
1311,SYSTEM,OVERRIDE,Ambulance detected at BETWEEN_J1_J2
1312,SYSTEM,OVERRIDE,Ambulance detected at BETWEEN_J1_J2
1313,SYSTEM,OVERRIDE,Ambulance detected at BETWEEN_J1_J2
1314,SYSTEM,OVERRIDE,Ambulance detected at BETWEEN_J1_J2
1315,SYSTEM,OVERRIDE,Ambulance detected at BETWEEN_J1_J2
1316,SYSTEM,OVERRIDE,Ambulance detected at BETWEEN_J1_J2
1317,SYSTEM,OVERRIDE,Ambulance detected at BETWEEN_J1_J2
1318,SYSTEM,OVERRIDE,Ambulance detected at BETWEEN_J1_J2
1319,SYSTEM,OVERRIDE,Ambulance detected at BETWEEN_J1_J2
1320,SYSTEM,OVERRIDE,Ambulance detected at BETWEEN_J1_J2
1321,SYSTEM,OVERRIDE,Ambulance detected at BETWEEN_J1_J2
1322,SYSTEM,OVERRIDE,Ambulance detected at BETWEEN_J1_J2
1323,SYSTEM,OVERRIDE,Ambulance detected at BETWEEN_J1_J2
1324,SYSTEM,OVERRIDE,Ambulance detected at BETWEEN_J1_J2
1325,SYSTEM,OVERRIDE,Ambulance detected at BETWEEN_J1_J2
1326,SYSTEM,OVERRIDE,Ambulance detected at BETWEEN_J1_J2
1327,SYSTEM,OVERRIDE,Ambulance detected at BETWEEN_J1_J2
1328,SYSTEM,OVERRIDE,Ambulance detected at BETWEEN_J1_J2
1329,SYSTEM,OVERRIDE,Ambulance detected at BETWEEN_J1_J2
1330,SYSTEM,OVERRIDE,Ambulance detected at BETWEEN_J1_J2
1331,SYSTEM,OVERRIDE,Ambulance detected at BETWEEN_J1_J2
1332,SYSTEM,OVERRIDE,Ambulance detected at BETWEEN_J1_J2
1333,SYSTEM,OVERRIDE,Ambulance detected at BETWEEN_J1_J2
1334,SYSTEM,OVERRIDE,Ambulance detected at BETWEEN_J1_J2
1335,SYSTEM,OVERRIDE,Ambulance detected at BETWEEN_J1_J2
1336,SYSTEM,OVERRIDE,Ambulance detected at BETWEEN_J1_J2
1337,SYSTEM,OVERRIDE,Ambulance detected at BETWEEN_J1_J2
1338,SYSTEM,OVERRIDE,Ambulance detected at BETWEEN_J1_J2
1339,SYSTEM,OVERRIDE,Ambulance detected at BETWEEN_J1_J2
1340,SYSTEM,OVERRIDE,Ambulance detected at BETWEEN_J1_J2
1341,SYSTEM,OVERRIDE,Ambulance detected at BETWEEN_J1_J2
1343,SYSTEM,OVERRIDE,Ambulance detected at BETWEEN_J2_J4
1344,SYSTEM,OVERRIDE,Ambulance detected at BETWEEN_J2_J4
1345,SYSTEM,OVERRIDE,Ambulance detected at BETWEEN_J2_J4
1346,SYSTEM,OVERRIDE,Ambulance detected at BETWEEN_J2_J4
1347,SYSTEM,OVERRIDE,Ambulance detected at BETWEEN_J2_J4
1348,SYSTEM,OVERRIDE,Ambulance detected at BETWEEN_J2_J4
1349,SYSTEM,OVERRIDE,Ambulance detected at BETWEEN_J2_J4
1350,SYSTEM,OVERRIDE,Ambulance detected at BETWEEN_J2_J4
1351,SYSTEM,OVERRIDE,Ambulance detected at BETWEEN_J2_J4
1352,SYSTEM,OVERRIDE,Ambulance detected at BETWEEN_J2_J4
1353,SYSTEM,OVERRIDE,Ambulance detected at BETWEEN_J2_J4
1354,SYSTEM,OVERRIDE,Ambulance detected at BETWEEN_J2_J4
1355,SYSTEM,OVERRIDE,Ambulance detected at BETWEEN_J2_J4
1356,SYSTEM,OVERRIDE,Ambulance detected at BETWEEN_J2_J4
1357,SYSTEM,OVERRIDE,Ambulance detected at BETWEEN_J2_J4
1358,SYSTEM,OVERRIDE,Ambulance detected at BETWEEN_J2_J4
1359,SYSTEM,OVERRIDE,Ambulance detected at BETWEEN_J2_J4
1360,SYSTEM,OVERRIDE,Ambulance detected at BETWEEN_J2_J4
1361,SYSTEM,OVERRIDE,Ambulance detected at BETWEEN_J2_J4
1362,SYSTEM,OVERRIDE,Ambulance detected at BETWEEN_J2_J4
1363,SYSTEM,OVERRIDE,Ambulance detected at BETWEEN_J2_J4
1364,SYSTEM,OVERRIDE,Ambulance detected at BETWEEN_J2_J4
1365,SYSTEM,OVERRIDE,Ambulance detected at BETWEEN_J2_J4
1366,SYSTEM,OVERRIDE,Ambulance detected at BETWEEN_J2_J4
1367,SYSTEM,OVERRIDE,Ambulance detected at BETWEEN_J2_J4
1368,SYSTEM,OVERRIDE,Ambulance detected at BETWEEN_J2_J4
1369,SYSTEM,OVERRIDE,Ambulance detected at BETWEEN_J2_J4
1370,SYSTEM,OVERRIDE,Ambulance detected at BETWEEN_J2_J4
1371,SYSTEM,OVERRIDE,Ambulance detected at BETWEEN_J2_J4
1372,SYSTEM,OVERRIDE,Ambulance detected at BETWEEN_J2_J4
1373,SYSTEM,OVERRIDE,Ambulance detected at BETWEEN_J2_J4
1374,SYSTEM,OVERRIDE,Ambulance detected at BETWEEN_J2_J4
1375,SYSTEM,OVERRIDE,Ambulance detected at BETWEEN_J2_J4
1376,SYSTEM,OVERRIDE,Ambulance detected at BETWEEN_J2_J4
1377,SYSTEM,OVERRIDE,Ambulance detected at BETWEEN_J2_J4
1380,J1,Green EW,High Congestion (21 cars). Clearing queue.
1380,J2,Green EW,High Congestion (27 cars). Clearing queue.
1380,J3,Green NS,High Congestion (19 cars). Clearing queue.
1380,J4,Green NS,High Congestion (26 cars). Clearing queue.
1390,J1,Green NS,High Congestion (20 cars). Clearing queue.
1390,J2,Green EW,High Congestion (19 cars). Clearing queue.
1390,J3,Green EW,High Congestion (26 cars). Clearing queue.
1390,J4,Green EW,High Congestion (20 cars). Clearing queue.
1395,SYSTEM,OVERRIDE,Ambulance detected at APPROACHING_J1_WEST
1396,SYSTEM,OVERRIDE,Ambulance detected at APPROACHING_J1_WEST
1397,SYSTEM,OVERRIDE,Ambulance detected at APPROACHING_J1_WEST
1398,SYSTEM,OVERRIDE,Ambulance detected at APPROACHING_J1_WEST
1399,SYSTEM,OVERRIDE,Ambulance detected at APPROACHING_J1_WEST
1400,SYSTEM,OVERRIDE,Ambulance detected at APPROACHING_J1_WEST
1401,SYSTEM,OVERRIDE,Ambulance detected at APPROACHING_J1_WEST
1402,SYSTEM,OVERRIDE,Ambulance detected at APPROACHING_J1_WEST
1403,SYSTEM,OVERRIDE,Ambulance detected at APPROACHING_J1_WEST
1404,SYSTEM,OVERRIDE,Ambulance detected at APPROACHING_J1_WEST
1405,SYSTEM,OVERRIDE,Ambulance detected at APPROACHING_J1_WEST
1406,SYSTEM,OVERRIDE,Ambulance detected at APPROACHING_J1_WEST
1407,SYSTEM,OVERRIDE,Ambulance detected at APPROACHING_J1_WEST
1408,SYSTEM,OVERRIDE,Ambulance detected at APPROACHING_J1_WEST
1409,SYSTEM,OVERRIDE,Ambulance detected at APPROACHING_J1_WEST
1410,SYSTEM,OVERRIDE,Ambulance detected at APPROACHING_J1_WEST
1411,SYSTEM,OVERRIDE,Ambulance detected at APPROACHING_J1_WEST
1412,SYSTEM,OVERRIDE,Ambulance detected at APPROACHING_J1_WEST
1413,SYSTEM,OVERRIDE,Ambulance detected at APPROACHING_J1_WEST
1414,SYSTEM,OVERRIDE,Ambulance detected at APPROACHING_J1_WEST
1415,SYSTEM,OVERRIDE,Ambulance detected at APPROACHING_J1_WEST
1416,SYSTEM,OVERRIDE,Ambulance detected at APPROACHING_J1_WEST
1417,SYSTEM,OVERRIDE,Ambulance detected at APPROACHING_J1_WEST
1418,SYSTEM,OVERRIDE,Ambulance detected at APPROACHING_J1_WEST
1419,SYSTEM,OVERRIDE,Ambulance detected at APPROACHING_J1_WEST
1420,SYSTEM,OVERRIDE,Ambulance detected at APPROACHING_J1_WEST
1421,SYSTEM,OVERRIDE,Ambulance detected at APPROACHING_J1_WEST
1422,SYSTEM,OVERRIDE,Ambulance detected at APPROACHING_J1_WEST
1423,SYSTEM,OVERRIDE,Ambulance detected at APPROACHING_J1_WEST
1424,SYSTEM,OVERRIDE,Ambulance detected at APPROACHING_J1_WEST
1425,SYSTEM,OVERRIDE,Ambulance detected at APPROACHING_J1_WEST
1426,SYSTEM,OVERRIDE,Ambulance detected at APPROACHING_J1_WEST
1427,SYSTEM,OVERRIDE,Ambulance detected at APPROACHING_J1_WEST
1428,SYSTEM,OVERRIDE,Ambulance detected at APPROACHING_J1_WEST
1429,SYSTEM,OVERRIDE,Ambulance detected at APPROACHING_J1_WEST
1430,SYSTEM,OVERRIDE,Ambulance detected at APPROACHING_J1_WEST
1431,SYSTEM,OVERRIDE,Ambulance detected at APPROACHING_J1_WEST
1433,SYSTEM,OVERRIDE,Ambulance detected at BETWEEN_J1_J2
1434,SYSTEM,OVERRIDE,Ambulance detected at BETWEEN_J1_J2
1435,SYSTEM,OVERRIDE,Ambulance detected at BETWEEN_J1_J2
1436,SYSTEM,OVERRIDE,Ambulance detected at BETWEEN_J1_J2
1437,SYSTEM,OVERRIDE,Ambulance detected at BETWEEN_J1_J2
1438,SYSTEM,OVERRIDE,Ambulance detected at BETWEEN_J1_J2
1439,SYSTEM,OVERRIDE,Ambulance detected at BETWEEN_J1_J2
1440,SYSTEM,OVERRIDE,Ambulance detected at BETWEEN_J1_J2
1441,SYSTEM,OVERRIDE,Ambulance detected at BETWEEN_J1_J2
1442,SYSTEM,OVERRIDE,Ambulance detected at BETWEEN_J1_J2
1443,SYSTEM,OVERRIDE,Ambulance detected at BETWEEN_J1_J2
1444,SYSTEM,OVERRIDE,Ambulance detected at BETWEEN_J1_J2
1445,SYSTEM,OVERRIDE,Ambulance detected at BETWEEN_J1_J2
1446,SYSTEM,OVERRIDE,Ambulance detected at BETWEEN_J1_J2
1447,SYSTEM,OVERRIDE,Ambulance detected at BETWEEN_J1_J2
1448,SYSTEM,OVERRIDE,Ambulance detected at BETWEEN_J1_J2
1449,SYSTEM,OVERRIDE,Ambulance detected at BETWEEN_J1_J2
1450,SYSTEM,OVERRIDE,Ambulance detected at BETWEEN_J1_J2
1451,SYSTEM,OVERRIDE,Ambulance detected at BETWEEN_J1_J2
1452,SYSTEM,OVERRIDE,Ambulance detected at BETWEEN_J1_J2
1453,SYSTEM,OVERRIDE,Ambulance detected at BETWEEN_J1_J2
1454,SYSTEM,OVERRIDE,Ambulance detected at BETWEEN_J1_J2
1455,SYSTEM,OVERRIDE,Ambulance detected at BETWEEN_J1_J2
1456,SYSTEM,OVERRIDE,Ambulance detected at BETWEEN_J1_J2
1457,SYSTEM,OVERRIDE,Ambulance detected at BETWEEN_J1_J2
1458,SYSTEM,OVERRIDE,Ambulance detected at BETWEEN_J1_J2
1459,SYSTEM,OVERRIDE,Ambulance detected at BETWEEN_J1_J2
1460,SYSTEM,OVERRIDE,Ambulance detected at BETWEEN_J1_J2
1461,SYSTEM,OVERRIDE,Ambulance detected at BETWEEN_J1_J2
1462,SYSTEM,OVERRIDE,Ambulance detected at BETWEEN_J1_J2
1463,SYSTEM,OVERRIDE,Ambulance detected at BETWEEN_J1_J2
1464,SYSTEM,OVERRIDE,Ambulance detected at BETWEEN_J1_J2
1465,SYSTEM,OVERRIDE,Ambulance detected at BETWEEN_J1_J2
1466,SYSTEM,OVERRIDE,Ambulance detected at BETWEEN_J1_J2
1467,SYSTEM,OVERRIDE,Ambulance detected at BETWEEN_J1_J2
1469,SYSTEM,OVERRIDE,Ambulance detected at BETWEEN_J2_J4
1470,SYSTEM,OVERRIDE,Ambulance detected at BETWEEN_J2_J4
1471,SYSTEM,OVERRIDE,Ambulance detected at BETWEEN_J2_J4
1472,SYSTEM,OVERRIDE,Ambulance detected at BETWEEN_J2_J4
1473,SYSTEM,OVERRIDE,Ambulance detected at BETWEEN_J2_J4
1474,SYSTEM,OVERRIDE,Ambulance detected at BETWEEN_J2_J4
1475,SYSTEM,OVERRIDE,Ambulance detected at BETWEEN_J2_J4
1476,SYSTEM,OVERRIDE,Ambulance detected at BETWEEN_J2_J4
1477,SYSTEM,OVERRIDE,Ambulance detected at BETWEEN_J2_J4
1478,SYSTEM,OVERRIDE,Ambulance detected at BETWEEN_J2_J4
1479,SYSTEM,OVERRIDE,Ambulance detected at BETWEEN_J2_J4
1480,SYSTEM,OVERRIDE,Ambulance detected at BETWEEN_J2_J4
1481,SYSTEM,OVERRIDE,Ambulance detected at BETWEEN_J2_J4
1482,SYSTEM,OVERRIDE,Ambulance detected at BETWEEN_J2_J4
1483,SYSTEM,OVERRIDE,Ambulance detected at BETWEEN_J2_J4
1484,SYSTEM,OVERRIDE,Ambulance detected at BETWEEN_J2_J4
1485,SYSTEM,OVERRIDE,Ambulance detected at BETWEEN_J2_J4
1486,SYSTEM,OVERRIDE,Ambulance detected at BETWEEN_J2_J4
1487,SYSTEM,OVERRIDE,Ambulance detected at BETWEEN_J2_J4
1488,SYSTEM,OVERRIDE,Ambulance detected at BETWEEN_J2_J4
1489,SYSTEM,OVERRIDE,Ambulance detected at BETWEEN_J2_J4
1490,SYSTEM,OVERRIDE,Ambulance detected at BETWEEN_J2_J4
1491,SYSTEM,OVERRIDE,Ambulance detected at BETWEEN_J2_J4
1492,SYSTEM,OVERRIDE,Ambulance detected at BETWEEN_J2_J4
1493,SYSTEM,OVERRIDE,Ambulance detected at BETWEEN_J2_J4
1494,SYSTEM,OVERRIDE,Ambulance detected at BETWEEN_J2_J4
1495,SYSTEM,OVERRIDE,Ambulance detected at BETWEEN_J2_J4
1496,SYSTEM,OVERRIDE,Ambulance detected at BETWEEN_J2_J4
1497,SYSTEM,OVERRIDE,Ambulance detected at BETWEEN_J2_J4
1498,SYSTEM,OVERRIDE,Ambulance detected at BETWEEN_J2_J4
1499,SYSTEM,OVERRIDE,Ambulance detected at BETWEEN_J2_J4
1500,SYSTEM,OVERRIDE,Ambulance detected at BETWEEN_J2_J4
1501,SYSTEM,OVERRIDE,Ambulance detected at BETWEEN_J2_J4
1502,SYSTEM,OVERRIDE,Ambulance detected at BETWEEN_J2_J4
1510,J1,Green EW,High Congestion (21 cars). Clearing queue.
1510,J2,Green EW,High Congestion (20 cars). Clearing queue.
1510,J3,Green EW,High Congestion (27 cars). Clearing queue.
1510,J4,Green NS,High Congestion (18 cars). Clearing queue.
1520,SYSTEM,OVERRIDE,Ambulance detected at APPROACHING_J1_WEST
1521,SYSTEM,OVERRIDE,Ambulance detected at APPROACHING_J1_WEST
1522,SYSTEM,OVERRIDE,Ambulance detected at APPROACHING_J1_WEST
1523,SYSTEM,OVERRIDE,Ambulance detected at APPROACHING_J1_WEST
1524,SYSTEM,OVERRIDE,Ambulance detected at APPROACHING_J1_WEST
1525,SYSTEM,OVERRIDE,Ambulance detected at APPROACHING_J1_WEST
1526,SYSTEM,OVERRIDE,Ambulance detected at APPROACHING_J1_WEST
1527,SYSTEM,OVERRIDE,Ambulance detected at APPROACHING_J1_WEST
1528,SYSTEM,OVERRIDE,Ambulance detected at APPROACHING_J1_WEST
1529,SYSTEM,OVERRIDE,Ambulance detected at APPROACHING_J1_WEST
1530,SYSTEM,OVERRIDE,Ambulance detected at APPROACHING_J1_WEST
1531,SYSTEM,OVERRIDE,Ambulance detected at APPROACHING_J1_WEST
1532,SYSTEM,OVERRIDE,Ambulance detected at APPROACHING_J1_WEST
1533,SYSTEM,OVERRIDE,Ambulance detected at APPROACHING_J1_WEST
1534,SYSTEM,OVERRIDE,Ambulance detected at APPROACHING_J1_WEST
1535,SYSTEM,OVERRIDE,Ambulance detected at APPROACHING_J1_WEST
1536,SYSTEM,OVERRIDE,Ambulance detected at APPROACHING_J1_WEST
1537,SYSTEM,OVERRIDE,Ambulance detected at APPROACHING_J1_WEST
1538,SYSTEM,OVERRIDE,Ambulance detected at APPROACHING_J1_WEST
1539,SYSTEM,OVERRIDE,Ambulance detected at APPROACHING_J1_WEST
1540,SYSTEM,OVERRIDE,Ambulance detected at APPROACHING_J1_WEST
1541,SYSTEM,OVERRIDE,Ambulance detected at APPROACHING_J1_WEST
1542,SYSTEM,OVERRIDE,Ambulance detected at APPROACHING_J1_WEST
1543,SYSTEM,OVERRIDE,Ambulance detected at APPROACHING_J1_WEST
1544,SYSTEM,OVERRIDE,Ambulance detected at APPROACHING_J1_WEST
1545,SYSTEM,OVERRIDE,Ambulance detected at APPROACHING_J1_WEST
1546,SYSTEM,OVERRIDE,Ambulance detected at APPROACHING_J1_WEST
1547,SYSTEM,OVERRIDE,Ambulance detected at APPROACHING_J1_WEST
1548,SYSTEM,OVERRIDE,Ambulance detected at APPROACHING_J1_WEST
1549,SYSTEM,OVERRIDE,Ambulance detected at APPROACHING_J1_WEST
1550,SYSTEM,OVERRIDE,Ambulance detected at APPROACHING_J1_WEST
1551,SYSTEM,OVERRIDE,Ambulance detected at APPROACHING_J1_WEST
1552,SYSTEM,OVERRIDE,Ambulance detected at APPROACHING_J1_WEST
1553,SYSTEM,OVERRIDE,Ambulance detected at APPROACHING_J1_WEST
1554,SYSTEM,OVERRIDE,Ambulance detected at APPROACHING_J1_WEST
1555,SYSTEM,OVERRIDE,Ambulance detected at APPROACHING_J1_WEST
1557,SYSTEM,OVERRIDE,Ambulance detected at BETWEEN_J1_J2
1558,SYSTEM,OVERRIDE,Ambulance detected at BETWEEN_J1_J2
1559,SYSTEM,OVERRIDE,Ambulance detected at BETWEEN_J1_J2
1560,SYSTEM,OVERRIDE,Ambulance detected at BETWEEN_J1_J2
1561,SYSTEM,OVERRIDE,Ambulance detected at BETWEEN_J1_J2
1562,SYSTEM,OVERRIDE,Ambulance detected at BETWEEN_J1_J2
1563,SYSTEM,OVERRIDE,Ambulance detected at BETWEEN_J1_J2
1564,SYSTEM,OVERRIDE,Ambulance detected at BETWEEN_J1_J2
1565,SYSTEM,OVERRIDE,Ambulance detected at BETWEEN_J1_J2
1566,SYSTEM,OVERRIDE,Ambulance detected at BETWEEN_J1_J2
1567,SYSTEM,OVERRIDE,Ambulance detected at BETWEEN_J1_J2
1568,SYSTEM,OVERRIDE,Ambulance detected at BETWEEN_J1_J2
1569,SYSTEM,OVERRIDE,Ambulance detected at BETWEEN_J1_J2
1570,SYSTEM,OVERRIDE,Ambulance detected at BETWEEN_J1_J2
1571,SYSTEM,OVERRIDE,Ambulance detected at BETWEEN_J1_J2
1572,SYSTEM,OVERRIDE,Ambulance detected at BETWEEN_J1_J2
1573,SYSTEM,OVERRIDE,Ambulance detected at BETWEEN_J1_J2
1574,SYSTEM,OVERRIDE,Ambulance detected at BETWEEN_J1_J2
1575,SYSTEM,OVERRIDE,Ambulance detected at BETWEEN_J1_J2
1576,SYSTEM,OVERRIDE,Ambulance detected at BETWEEN_J1_J2
1577,SYSTEM,OVERRIDE,Ambulance detected at BETWEEN_J1_J2
1578,SYSTEM,OVERRIDE,Ambulance detected at BETWEEN_J1_J2
1579,SYSTEM,OVERRIDE,Ambulance detected at BETWEEN_J1_J2
1580,SYSTEM,OVERRIDE,Ambulance detected at BETWEEN_J1_J2
1581,SYSTEM,OVERRIDE,Ambulance detected at BETWEEN_J1_J2
1582,SYSTEM,OVERRIDE,Ambulance detected at BETWEEN_J1_J2
1583,SYSTEM,OVERRIDE,Ambulance detected at BETWEEN_J1_J2
1584,SYSTEM,OVERRIDE,Ambulance detected at BETWEEN_J1_J2
1585,SYSTEM,OVERRIDE,Ambulance detected at BETWEEN_J1_J2
1586,SYSTEM,OVERRIDE,Ambulance detected at BETWEEN_J1_J2
1587,SYSTEM,OVERRIDE,Ambulance detected at BETWEEN_J1_J2
1588,SYSTEM,OVERRIDE,Ambulance detected at BETWEEN_J1_J2
1589,SYSTEM,OVERRIDE,Ambulance detected at BETWEEN_J1_J2
1590,SYSTEM,OVERRIDE,Ambulance detected at BETWEEN_J1_J2
1591,SYSTEM,OVERRIDE,Ambulance detected at BETWEEN_J1_J2
1593,SYSTEM,OVERRIDE,Ambulance detected at BETWEEN_J2_J4
1594,SYSTEM,OVERRIDE,Ambulance detected at BETWEEN_J2_J4
1595,SYSTEM,OVERRIDE,Ambulance detected at BETWEEN_J2_J4
1596,SYSTEM,OVERRIDE,Ambulance detected at BETWEEN_J2_J4
1597,SYSTEM,OVERRIDE,Ambulance detected at BETWEEN_J2_J4
1598,SYSTEM,OVERRIDE,Ambulance detected at BETWEEN_J2_J4
1599,SYSTEM,OVERRIDE,Ambulance detected at BETWEEN_J2_J4
1600,SYSTEM,OVERRIDE,Ambulance detected at BETWEEN_J2_J4
1601,SYSTEM,OVERRIDE,Ambulance detected at BETWEEN_J2_J4
1602,SYSTEM,OVERRIDE,Ambulance detected at BETWEEN_J2_J4
1603,SYSTEM,OVERRIDE,Ambulance detected at BETWEEN_J2_J4
1604,SYSTEM,OVERRIDE,Ambulance detected at BETWEEN_J2_J4
1605,SYSTEM,OVERRIDE,Ambulance detected at BETWEEN_J2_J4
1606,SYSTEM,OVERRIDE,Ambulance detected at BETWEEN_J2_J4
1607,SYSTEM,OVERRIDE,Ambulance detected at BETWEEN_J2_J4
1608,SYSTEM,OVERRIDE,Ambulance detected at BETWEEN_J2_J4
1609,SYSTEM,OVERRIDE,Ambulance detected at BETWEEN_J2_J4
1610,SYSTEM,OVERRIDE,Ambulance detected at BETWEEN_J2_J4
1611,SYSTEM,OVERRIDE,Ambulance detected at BETWEEN_J2_J4
1612,SYSTEM,OVERRIDE,Ambulance detected at BETWEEN_J2_J4
1613,SYSTEM,OVERRIDE,Ambulance detected at BETWEEN_J2_J4
1614,SYSTEM,OVERRIDE,Ambulance detected at BETWEEN_J2_J4
1615,SYSTEM,OVERRIDE,Ambulance detected at BETWEEN_J2_J4
1616,SYSTEM,OVERRIDE,Ambulance detected at BETWEEN_J2_J4
1617,SYSTEM,OVERRIDE,Ambulance detected at BETWEEN_J2_J4
1618,SYSTEM,OVERRIDE,Ambulance detected at BETWEEN_J2_J4
1619,SYSTEM,OVERRIDE,Ambulance detected at BETWEEN_J2_J4
1620,SYSTEM,OVERRIDE,Ambulance detected at BETWEEN_J2_J4
1621,SYSTEM,OVERRIDE,Ambulance detected at BETWEEN_J2_J4
1622,SYSTEM,OVERRIDE,Ambulance detected at BETWEEN_J2_J4
1623,SYSTEM,OVERRIDE,Ambulance detected at BETWEEN_J2_J4
1624,SYSTEM,OVERRIDE,Ambulance detected at BETWEEN_J2_J4
1625,SYSTEM,OVERRIDE,Ambulance detected at BETWEEN_J2_J4
1630,J1,Green NS,High Congestion (21 cars). Clearing queue.
1630,J2,Green EW,High Congestion (20 cars). Clearing queue.
1630,J3,Green NS,High Congestion (25 cars). Clearing queue.
1630,J4,Green EW,High Congestion (27 cars). Clearing queue.
1640,J1,Green NS,High Congestion (20 cars). Clearing queue.
1640,J2,Green EW,High Congestion (20 cars). Clearing queue.
1640,J3,Green EW,High Congestion (18 cars). Clearing queue.
1640,J4,Green EW,High Congestion (20 cars). Clearing queue.
1644,SYSTEM,OVERRIDE,Ambulance detected at APPROACHING_J1_WEST
1645,SYSTEM,OVERRIDE,Ambulance detected at APPROACHING_J1_WEST
1646,SYSTEM,OVERRIDE,Ambulance detected at APPROACHING_J1_WEST
1647,SYSTEM,OVERRIDE,Ambulance detected at APPROACHING_J1_WEST
1648,SYSTEM,OVERRIDE,Ambulance detected at APPROACHING_J1_WEST
1649,SYSTEM,OVERRIDE,Ambulance detected at APPROACHING_J1_WEST
1650,SYSTEM,OVERRIDE,Ambulance detected at APPROACHING_J1_WEST
1651,SYSTEM,OVERRIDE,Ambulance detected at APPROACHING_J1_WEST
1652,SYSTEM,OVERRIDE,Ambulance detected at APPROACHING_J1_WEST
1653,SYSTEM,OVERRIDE,Ambulance detected at APPROACHING_J1_WEST
1654,SYSTEM,OVERRIDE,Ambulance detected at APPROACHING_J1_WEST
1655,SYSTEM,OVERRIDE,Ambulance detected at APPROACHING_J1_WEST
1656,SYSTEM,OVERRIDE,Ambulance detected at APPROACHING_J1_WEST
1657,SYSTEM,OVERRIDE,Ambulance detected at APPROACHING_J1_WEST
1658,SYSTEM,OVERRIDE,Ambulance detected at APPROACHING_J1_WEST
1659,SYSTEM,OVERRIDE,Ambulance detected at APPROACHING_J1_WEST
1660,SYSTEM,OVERRIDE,Ambulance detected at APPROACHING_J1_WEST
1661,SYSTEM,OVERRIDE,Ambulance detected at APPROACHING_J1_WEST
1662,SYSTEM,OVERRIDE,Ambulance detected at APPROACHING_J1_WEST
1663,SYSTEM,OVERRIDE,Ambulance detected at APPROACHING_J1_WEST
1664,SYSTEM,OVERRIDE,Ambulance detected at APPROACHING_J1_WEST
1665,SYSTEM,OVERRIDE,Ambulance detected at APPROACHING_J1_WEST
1666,SYSTEM,OVERRIDE,Ambulance detected at APPROACHING_J1_WEST
1667,SYSTEM,OVERRIDE,Ambulance detected at APPROACHING_J1_WEST
1668,SYSTEM,OVERRIDE,Ambulance detected at APPROACHING_J1_WEST
1669,SYSTEM,OVERRIDE,Ambulance detected at APPROACHING_J1_WEST
1670,SYSTEM,OVERRIDE,Ambulance detected at APPROACHING_J1_WEST
1671,SYSTEM,OVERRIDE,Ambulance detected at APPROACHING_J1_WEST
1672,SYSTEM,OVERRIDE,Ambulance detected at APPROACHING_J1_WEST
1673,SYSTEM,OVERRIDE,Ambulance detected at APPROACHING_J1_WEST
1674,SYSTEM,OVERRIDE,Ambulance detected at APPROACHING_J1_WEST
1675,SYSTEM,OVERRIDE,Ambulance detected at APPROACHING_J1_WEST
1676,SYSTEM,OVERRIDE,Ambulance detected at APPROACHING_J1_WEST
1677,SYSTEM,OVERRIDE,Ambulance detected at APPROACHING_J1_WEST
1678,SYSTEM,OVERRIDE,Ambulance detected at APPROACHING_J1_WEST
1679,SYSTEM,OVERRIDE,Ambulance detected at APPROACHING_J1_WEST
1680,J1,Green NS,High Congestion (18 cars). Clearing queue.
1680,J2,Green EW,High Congestion (18 cars). Clearing queue.
1680,J3,Green EW,High Congestion (17 cars). Clearing queue.
1680,J4,Green EW,High Congestion (19 cars). Clearing queue.
1681,SYSTEM,OVERRIDE,Ambulance detected at BETWEEN_J1_J2
1682,SYSTEM,OVERRIDE,Ambulance detected at BETWEEN_J1_J2
1683,SYSTEM,OVERRIDE,Ambulance detected at BETWEEN_J1_J2
1684,SYSTEM,OVERRIDE,Ambulance detected at BETWEEN_J1_J2
1685,SYSTEM,OVERRIDE,Ambulance detected at BETWEEN_J1_J2
1686,SYSTEM,OVERRIDE,Ambulance detected at BETWEEN_J1_J2
1687,SYSTEM,OVERRIDE,Ambulance detected at BETWEEN_J1_J2
1688,SYSTEM,OVERRIDE,Ambulance detected at BETWEEN_J1_J2
1689,SYSTEM,OVERRIDE,Ambulance detected at BETWEEN_J1_J2
1690,SYSTEM,OVERRIDE,Ambulance detected at BETWEEN_J1_J2
1691,SYSTEM,OVERRIDE,Ambulance detected at BETWEEN_J1_J2
1692,SYSTEM,OVERRIDE,Ambulance detected at BETWEEN_J1_J2
1693,SYSTEM,OVERRIDE,Ambulance detected at BETWEEN_J1_J2
1694,SYSTEM,OVERRIDE,Ambulance detected at BETWEEN_J1_J2
1695,SYSTEM,OVERRIDE,Ambulance detected at BETWEEN_J1_J2
1696,SYSTEM,OVERRIDE,Ambulance detected at BETWEEN_J1_J2
1697,SYSTEM,OVERRIDE,Ambulance detected at BETWEEN_J1_J2
1698,SYSTEM,OVERRIDE,Ambulance detected at BETWEEN_J1_J2
1699,SYSTEM,OVERRIDE,Ambulance detected at BETWEEN_J1_J2
1700,SYSTEM,OVERRIDE,Ambulance detected at BETWEEN_J1_J2
1701,SYSTEM,OVERRIDE,Ambulance detected at BETWEEN_J1_J2
1702,SYSTEM,OVERRIDE,Ambulance detected at BETWEEN_J1_J2
1703,SYSTEM,OVERRIDE,Ambulance detected at BETWEEN_J1_J2
1704,SYSTEM,OVERRIDE,Ambulance detected at BETWEEN_J1_J2
1705,SYSTEM,OVERRIDE,Ambulance detected at BETWEEN_J1_J2
1706,SYSTEM,OVERRIDE,Ambulance detected at BETWEEN_J1_J2
1707,SYSTEM,OVERRIDE,Ambulance detected at BETWEEN_J1_J2
1708,SYSTEM,OVERRIDE,Ambulance detected at BETWEEN_J1_J2
1709,SYSTEM,OVERRIDE,Ambulance detected at BETWEEN_J1_J2
1710,SYSTEM,OVERRIDE,Ambulance detected at BETWEEN_J1_J2
1711,SYSTEM,OVERRIDE,Ambulance detected at BETWEEN_J1_J2
1712,SYSTEM,OVERRIDE,Ambulance detected at BETWEEN_J1_J2
1713,SYSTEM,OVERRIDE,Ambulance detected at BETWEEN_J1_J2
1714,SYSTEM,OVERRIDE,Ambulance detected at BETWEEN_J1_J2
1716,SYSTEM,OVERRIDE,Ambulance detected at BETWEEN_J2_J4
1717,SYSTEM,OVERRIDE,Ambulance detected at BETWEEN_J2_J4
1718,SYSTEM,OVERRIDE,Ambulance detected at BETWEEN_J2_J4
1719,SYSTEM,OVERRIDE,Ambulance detected at BETWEEN_J2_J4
1720,SYSTEM,OVERRIDE,Ambulance detected at BETWEEN_J2_J4
1721,SYSTEM,OVERRIDE,Ambulance detected at BETWEEN_J2_J4
1722,SYSTEM,OVERRIDE,Ambulance detected at BETWEEN_J2_J4
1723,SYSTEM,OVERRIDE,Ambulance detected at BETWEEN_J2_J4
1724,SYSTEM,OVERRIDE,Ambulance detected at BETWEEN_J2_J4
1725,SYSTEM,OVERRIDE,Ambulance detected at BETWEEN_J2_J4
1726,SYSTEM,OVERRIDE,Ambulance detected at BETWEEN_J2_J4
1727,SYSTEM,OVERRIDE,Ambulance detected at BETWEEN_J2_J4
1728,SYSTEM,OVERRIDE,Ambulance detected at BETWEEN_J2_J4
1729,SYSTEM,OVERRIDE,Ambulance detected at BETWEEN_J2_J4
1730,SYSTEM,OVERRIDE,Ambulance detected at BETWEEN_J2_J4
1731,SYSTEM,OVERRIDE,Ambulance detected at BETWEEN_J2_J4
1732,SYSTEM,OVERRIDE,Ambulance detected at BETWEEN_J2_J4
1733,SYSTEM,OVERRIDE,Ambulance detected at BETWEEN_J2_J4
1734,SYSTEM,OVERRIDE,Ambulance detected at BETWEEN_J2_J4
1735,SYSTEM,OVERRIDE,Ambulance detected at BETWEEN_J2_J4
1736,SYSTEM,OVERRIDE,Ambulance detected at BETWEEN_J2_J4
1737,SYSTEM,OVERRIDE,Ambulance detected at BETWEEN_J2_J4
1738,SYSTEM,OVERRIDE,Ambulance detected at BETWEEN_J2_J4
1739,SYSTEM,OVERRIDE,Ambulance detected at BETWEEN_J2_J4
1740,SYSTEM,OVERRIDE,Ambulance detected at BETWEEN_J2_J4
1741,SYSTEM,OVERRIDE,Ambulance detected at BETWEEN_J2_J4
1742,SYSTEM,OVERRIDE,Ambulance detected at BETWEEN_J2_J4
1743,SYSTEM,OVERRIDE,Ambulance detected at BETWEEN_J2_J4
1744,SYSTEM,OVERRIDE,Ambulance detected at BETWEEN_J2_J4
1745,SYSTEM,OVERRIDE,Ambulance detected at BETWEEN_J2_J4
1746,SYSTEM,OVERRIDE,Ambulance detected at BETWEEN_J2_J4
1747,SYSTEM,OVERRIDE,Ambulance detected at BETWEEN_J2_J4
1748,SYSTEM,OVERRIDE,Ambulance detected at BETWEEN_J2_J4
1749,SYSTEM,OVERRIDE,Ambulance detected at BETWEEN_J2_J4
1750,SYSTEM,OVERRIDE,Ambulance detected at BETWEEN_J2_J4
1760,J1,Green NS,High Congestion (22 cars). Clearing queue.
1760,J2,Green EW,High Congestion (21 cars). Clearing queue.
1760,J3,Green EW,High Congestion (21 cars). Clearing queue.
1760,J4,Green NS,High Congestion (22 cars). Clearing queue.
