Step,Junction,QueueLength,FuelConsumption,Reward
1,J1,12,45408.699249753365,-1.45
1,J2,12,43900.24607910834,-1.44
1,J3,16,58533.8622512536,-4.59
1,J4,15,52460.40293153652,-2.52
2,J1,13,53735.48183227744,-1.54
2,J2,11,43392.444023188786,0.57
2,J3,15,62574.04303753948,0.37
2,J4,15,58144.2918226522,-0.58
3,J1,17,57883.5158535486,-4.58
3,J2,13,44552.77808376781,-2.45
3,J3,18,53889.05615783666,-3.54
3,J4,14,52451.79793329523,0.48
4,J1,15,57826.896429869535,1.42
4,J2,16,67056.57035928108,-3.67
4,J3,17,67905.21674066935,0.32
4,J4,15,63463.843939741826,-1.63
5,J1,21,58839.826296429455,-6.59
5,J2,16,59060.17434541707,-0.59
5,J3,18,65129.13505593648,-1.65
5,J4,17,62164.77261520951,-2.62
6,J1,19,70824.60428220875,1.29
6,J2,18,65381.28658305641,-2.65
6,J3,16,67651.49328552099,1.32
6,J4,18,66580.94886160275,-1.67
7,J1,20,66843.19521732867,-1.67
7,J2,20,62221.80874501899,-2.62
7,J3,17,48187.92577147017,-1.48
7,J4,20,61167.288102022634,-2.61
8,J1,21,74384.57753215161,-1.74
8,J2,18,74177.40675548487,1.26
8,J3,17,66451.00250143123,-0.66
8,J4,18,73957.38156613563,1.26
9,J1,21,73708.15426473216,-0.74
9,J2,21,67998.55649505717,-3.68
9,J3,15,50953.4860248929,1.49
9,J4,20,66838.04020032137,-2.67
10,J1,23,84276.59775920649,-2.84
10,J2,22,69573.80557383485,-1.70
10,J3,14,48147.44697716263,0.52
10,J4,23,86153.1227968719,-3.86
11,J1,22,79342.36578893062,0.21
11,J2,22,72521.02757829978,-0.73
11,J3,12,53288.03565211395,1.47
11,J4,23,73346.27306083417,-0.73
50,J1,24,66408.78636679707,-2.66
50,J2,26,100868.3379594512,-5.01
50,J3,16,54626.474624782706,-4.55
50,J4,33,86615.67186274985,-10.87
85,J1,30,92785.42790442449,-6.93
85,J2,25,99545.05852764501,0.00
85,J3,14,68215.79736899919,1.32
85,J4,40,138645.73108365998,-8.39
120,J1,38,122184.83515555218,-9.22
120,J2,21,78656.91315137412,3.21
120,J3,18,57903.20386827646,-4.58
120,J4,47,131357.95380927017,-8.31
121,J1,40,132176.8339733793,-3.32
121,J2,17,62258.081000297796,3.38
121,J3,24,115110.30848096669,-7.15
121,J4,38,150479.51112692567,7.50
122,J1,34,102501.09162677439,4.97
122,J2,16,52589.630864955485,0.47
122,J3,34,102033.09606425607,-11.02
122,J4,30,154255.21880411386,6.46
123,J1,35,115436.32731316675,-2.15
123,J2,17,62004.8583868868,-1.62
123,J3,36,134434.85638406477,-3.34
123,J4,24,109556.43656999902,4.90
124,J1,38,98847.02545449049,-3.99
124,J2,16,56271.90680070191,0.44
124,J3,40,130912.91319311959,-5.31
124,J4,28,99111.95950676501,-4.99
125,J1,37,125474.18382433859,-0.25
125,J2,15,55199.62019123868,0.45
125,J3,36,143849.81239358222,2.56
125,J4,30,99359.98800698624,-2.99
126,J1,33,112865.45921676201,2.87
126,J2,18,53678.574797890855,-3.54
126,J3,39,137257.173631781,-4.37
126,J4,27,107277.4209961829,1.93
127,J1,33,115732.99996746879,-1.16
127,J2,20,81278.98574882199,-2.81
127,J3,39,164193.3100323841,-1.64
127,J4,26,94043.4575620922,0.06
128,J1,27,98122.89389687058,5.02
128,J2,23,75158.83110750522,-3.75
128,J3,38,141082.16048854703,-0.41
128,J4,25,86371.17515946022,0.14
129,J1,26,89706.61051495011,0.10
129,J2,24,88687.51576524039,-1.89
129,J3,38,131077.12205027344,-1.31
129,J4,25,84296.92251975728,-0.84
130,J1,22,78360.80359544118,3.22
130,J2,21,66364.07152992659,2.34
130,J3,37,101915.99793914927,-0.02
130,J4,23,84089.67694227077,1.16
131,J1,21,69090.22362859685,0.31
131,J2,19,66020.25346257891,1.34
131,J3,36,117031.55787228396,-0.17
131,J4,26,96438.77745292924,-3.96
132,J1,18,73411.98384917146,2.27
132,J2,19,73290.22348252917,-0.73
132,J3,31,135029.1284120176,3.65
132,J4,25,86330.5879748961,0.14
133,J1,18,61950.68530428024,-0.62
133,J2,22,65433.77585134751,-3.65
133,J3,29,120558.78038591889,0.79
133,J4,20,65259.92012972338,4.35
134,J1,19,59581.14576902965,-1.60
134,J2,23,104251.14258322859,-2.04
134,J3,24,96332.41152833615,4.04
134,J4,20,66784.65935030757,-0.67
135,J1,21,72553.8012230043,-2.73
135,J2,25,78904.83576595777,-2.79
135,J3,24,91206.0462137992,-0.91
135,J4,17,53509.81797216573,2.46
175,J1,23,90971.03376094767,-2.91
175,J2,27,101360.71006046864,-3.01
175,J3,27,80242.9133883061,-3.80
175,J4,14,51542.63517581615,2.48
211,J1,23,96842.39264282011,-0.97
211,J2,35,110703.82446473214,-9.11
211,J3,31,98841.21657443972,-4.99
211,J4,17,70019.95688638007,-3.70
246,J1,19,77288.13742814442,3.23
246,J2,44,121315.54310082039,-10.21
246,J3,46,132515.9563415248,-16.33
246,J4,18,53081.335398924806,-1.53
247,J1,19,61848.579014473005,-0.62
247,J2,46,142564.6478127217,-3.43
247,J3,39,123493.64547982968,5.77
247,J4,20,61908.67434883702,-2.62
248,J1,21,66908.72929815303,-2.67
248,J2,40,132437.34683464153,4.68
248,J3,39,119326.0065176422,-1.19
248,J4,22,84436.61837969309,-2.84
249,J1,16,62146.738002940285,4.38
249,J2,35,157155.8677676853,3.43
249,J3,38,128613.2943302136,-0.29
249,J4,25,101577.42434138275,-4.02
250,J1,20,63383.73217123554,-4.63
250,J2,37,127309.79435355058,-3.27
250,J3,39,113710.3314605959,-2.14
250,J4,28,92890.0320396002,-3.93
251,J1,20,78549.86155872018,-0.79
251,J2,37,115854.78374138579,-1.16
251,J3,39,121127.13056565265,-1.21
251,J4,27,94179.2346279972,0.06
252,J1,19,60597.79092591191,0.39
252,J2,33,123360.02213473301,2.77
252,J3,42,121298.95515059444,-4.21
252,J4,27,95277.62364003764,-0.95
253,J1,17,64331.71330936717,1.36
253,J2,24,121153.83896994154,7.79
253,J3,39,163930.76895672764,1.36
253,J4,29,128804.45595878165,-3.29
254,J1,19,63582.512987418246,-2.64
254,J2,23,73177.53785336355,0.27
254,J3,41,131182.73793370317,-3.31
254,J4,37,136163.66776971225,-9.36
255,J1,21,70974.04463139284,-2.71
255,J2,22,77160.68431439967,0.23
255,J3,36,120541.38184635674,3.79
255,J4,35,112503.0881730747,0.87
256,J1,20,73028.37316655177,0.27
256,J2,22,83001.32559010171,-0.83
256,J3,35,108267.24074422455,-0.08
256,J4,37,132895.72708288123,-3.33
257,J1,19,66908.65453806089,0.33
257,J2,19,79705.55447093416,2.20
257,J3,37,99400.39501114473,-2.99
257,J4,36,119669.58166108016,-0.20
258,J1,20,76677.48781030813,-1.77
258,J2,19,74931.12367692252,-0.75
258,J3,35,125024.81431795983,0.75
258,J4,34,121873.24896286654,0.78
259,J1,18,59659.71663387229,1.40
259,J2,18,66601.66395251907,0.33
259,J3,30,105096.0340724129,3.95
259,J4,36,115333.20557089389,-3.15
260,J1,18,72738.66816837632,-0.73
260,J2,17,63166.533549958476,0.37
260,J3,30,90745.10685747051,-0.91
260,J4,32,136907.20892720693,2.63
261,J1,21,73389.03245150972,-3.73
261,J2,18,68284.04418305779,-1.68
261,J3,26,108018.8012125206,2.92
261,J4,35,92321.8780372902,-3.92
262,J1,21,72878.79414601822,-0.73
262,J2,16,64169.94606378803,1.36
262,J3,20,100325.26833744999,5.00
262,J4,34,133035.1623836817,-0.33
301,J1,25,82077.1243596267,-4.82
301,J2,21,86518.85004903821,-5.87
301,J3,14,58155.38469194836,5.42
301,J4,30,109150.11922094655,2.91
340,J1,36,102696.43598809885,-12.03
340,J2,28,80766.11356311387,-7.81
340,J3,17,69320.73120812095,-3.69
340,J4,15,67643.95047850584,14.32
375,J1,42,126594.7917167817,-7.27
375,J2,31,117348.54080093387,-4.17
375,J3,13,50655.76581518125,3.49
375,J4,25,81107.78461767841,-10.81
376,J1,36,118087.53733950033,4.82
376,J2,25,110369.1655923982,4.90
376,J3,18,53142.72629665526,-5.53
376,J4,25,96228.3843988615,-0.96
377,J1,37,130535.13580674308,-2.31
377,J2,22,71447.27333508513,2.29
377,J3,20,95601.4907542791,-2.96
377,J4,21,96924.10654735846,3.03
378,J1,40,116707.46291806275,-4.17
378,J2,25,78464.93740977485,-3.78
378,J3,23,75274.76105191665,-3.75
378,J4,22,73217.51440549831,-1.73
379,J1,40,116640.14884785825,-1.17
379,J2,28,79021.21603851102,-3.79
379,J3,24,83025.28819319012,-1.83
379,J4,23,74617.66178397773,-1.75
380,J1,40,115483.2426766009,-1.15
380,J2,28,84082.54649038971,-0.84
380,J3,24,84916.8955887097,-0.85
380,J4,20,81272.25364642103,2.19
381,J1,43,127759.75955775057,-4.28
381,J2,31,89344.9983361857,-3.89
381,J3,22,73212.01542782022,1.27
381,J4,22,70535.9808995121,-2.71
382,J1,37,143550.76327217938,4.56
382,J2,30,91522.2485360942,0.08
382,J3,24,87859.1702191603,-2.88
382,J4,20,77705.83861121505,1.22
383,J1,32,150918.41123259722,3.49
383,J2,24,95443.59621685505,5.05
383,J3,32,117372.81938471338,-9.17
383,J4,24,63698.63980100714,-4.64
384,J1,22,109225.5252888289,8.91
384,J2,22,75977.92474212672,1.24
384,J3,31,105991.82783892044,-0.06
384,J4,27,105108.35291279823,-4.05
385,J1,23,87147.41426703957,-1.87
385,J2,18,69480.52365593905,3.31
385,J3,30,97338.40146591858,0.03
385,J4,26,88264.55424684871,0.12
386,J1,22,82754.34107132963,0.17
386,J2,17,71671.44503927631,0.28
386,J3,32,118380.239707789,-3.18
386,J4,26,102355.84916265085,-1.02
387,J1,20,73643.27299650088,1.26
387,J2,21,67875.36482170533,-4.68
387,J3,33,115979.48325708155,-2.16
387,J4,22,86825.28696264693,3.13
388,J1,23,69315.83613797546,-3.69
388,J2,21,89806.35769589257,-0.90
388,J3,31,106174.29407885722,0.94
388,J4,26,82141.6070360881,-4.82
389,J1,18,74246.44823345641,4.26
389,J2,20,72160.72713804993,0.28
389,J3,33,115319.10083328426,-3.15
389,J4,25,88528.6094553616,0.11
390,J1,21,75780.0062783306,-3.76
390,J2,20,64193.93808986888,-0.64
390,J3,32,100183.34687254224,-0.00
390,J4,25,84621.84061608181,-0.85
428,J1,19,66895.78030346525,1.33
428,J2,29,92578.78269258596,-9.93
428,J3,32,93611.44456793618,-0.94
428,J4,16,71491.72677433545,8.29
463,J1,21,75491.20053559181,-2.75
463,J2,25,94051.93596679102,3.06
463,J3,40,129674.97833558572,-9.30
463,J4,21,83361.15488693623,-5.83
498,J1,32,101574.26313378528,-12.02
498,J2,18,72475.21739839592,6.28
498,J3,34,111380.5675976589,4.89
498,J4,27,86434.06813202615,-6.86
499,J1,30,105466.177076035,0.95
499,J2,16,58772.03882039919,1.41
499,J3,29,91566.86552777665,4.08
499,J4,25,88119.80329296684,1.12
500,J1,26,83339.7546056616,3.17
500,J2,20,85123.34602810204,-4.85
500,J3,25,73593.33633492216,3.26
500,J4,27,97959.56522501851,-2.98
501,J1,26,82489.92242598586,-0.82
501,J2,20,70688.79362507851,-0.71
501,J3,21,76803.0788023023,3.23
501,J4,29,81875.4327336161,-2.82
502,J1,21,98088.57692457913,4.02
502,J2,17,64481.61130863184,2.36
502,J3,21,77484.24522115513,-0.77
502,J4,33,123759.2237890403,-5.24
503,J1,23,84131.20067011987,-2.84
503,J2,19,67338.28399245313,-2.67
503,J3,25,71535.43932906749,-4.72
503,J4,28,93789.05502415872,4.06
504,J1,22,79935.05357590583,0.20
504,J2,19,76807.07549347242,-0.77
504,J3,27,94627.71176451482,-2.95
504,J4,26,90928.72358669473,1.09
505,J1,22,74657.4605874923,-0.75
505,J2,21,81385.94487379318,-2.81
505,J3,23,86496.10874371369,3.14
505,J4,26,86793.12967941565,-0.87
506,J1,22,81648.12411044323,-0.82
506,J2,22,77320.11650364635,-1.77
506,J3,22,75921.64403555925,0.24
506,J4,24,93704.47181442233,1.06
507,J1,22,77953.71223041168,-0.78
507,J2,22,73322.53640290594,-0.73
507,J3,23,106066.23382695929,-2.06
507,J4,22,78521.40012117145,1.21
508,J1,23,71590.32995210485,-1.72
508,J2,18,58173.39231975998,3.42
508,J3,25,94139.29804126808,-2.94
508,J4,22,68192.16871640406,-0.68
509,J1,21,78129.66333630674,1.22
509,J2,20,63661.195589439034,-2.64
509,J3,25,98129.0381462408,-0.98
509,J4,20,88375.14482882968,1.12
510,J1,20,72508.03480274694,0.27
510,J2,20,75350.13642623529,-0.75
510,J3,26,87053.30860740856,-1.87
510,J4,21,61103.72959285561,-1.61
511,J1,22,75183.85567987518,-2.75
511,J2,17,63910.29296870876,2.36
511,J3,25,86299.93503935618,0.14
511,J4,20,75821.80574183921,0.24
512,J1,22,68851.01875100148,-0.69
512,J2,19,60819.81100944928,-2.61
512,J3,24,73656.00528061525,0.26
512,J4,18,65709.80070375596,1.34
513,J1,17,67796.57837171451,4.32
513,J2,18,68101.04726384285,0.32
513,J3,23,90449.58161703285,0.10
513,J4,20,68097.82213275626,-2.68
514,J1,20,71452.328426301,-3.71
514,J2,21,85278.79022389906,-3.85
514,J3,21,68237.42682065768,1.32
514,J4,21,71215.75752288556,-1.71
556,J1,29,93215.93532235977,-9.93
556,J2,26,90918.09195890251,-5.91
556,J3,23,78789.72036678472,-2.79
556,J4,19,65841.52203062546,1.34
591,J1,31,122009.97332151233,-3.22
591,J2,29,91961.27368287656,-3.92
591,J3,33,100004.60420744779,-11.00
591,J4,15,77946.09702691909,3.22
627,J1,19,69983.92671164517,11.30
627,J2,38,119647.56244194291,-10.20
627,J3,45,154044.47980169972,-13.54
627,J4,15,53061.63888430439,-0.53
628,J1,15,58636.71468258674,3.41
628,J2,34,171624.3689586829,2.28
628,J3,40,169363.37832211575,3.31
628,J4,22,90269.57889231518,-7.90
629,J1,15,56475.75203667229,-0.56
629,J2,34,110100.32118150032,-1.10
629,J3,33,120658.58895270339,5.79
629,J4,30,90015.3214778132,-8.90
630,J1,16,61830.603470653776,-1.62
630,J2,34,95203.05642276045,-0.95
630,J3,28,101554.15839531086,3.98
630,J4,32,112956.88196636074,-3.13
631,J1,17,68527.07836026794,-1.69
631,J2,28,107692.4119238823,4.92
631,J3,30,89806.34120921689,-2.90
631,J4,36,117374.5004930227,-5.17
632,J1,17,58301.39420062318,-0.58
632,J2,25,111881.87906300201,1.88
632,J3,32,84652.05864461976,-2.85
632,J4,40,154121.16489569255,-5.54
633,J1,16,57185.071984088514,0.43
633,J2,21,92098.32623778054,3.08
633,J3,32,103096.1804597146,-1.03
633,J4,43,139266.4687390717,-4.39
634,J1,21,64752.0508289965,-5.65
634,J2,21,69414.80001443725,-0.69
634,J3,28,102819.2971965474,2.97
634,J4,45,146253.05245051923,-3.46
635,J1,21,75655.33754253495,-0.76
635,J2,17,69170.01478831927,3.31
635,J3,24,104777.03218868832,2.95
635,J4,40,142600.47894696525,3.57
636,J1,21,70742.59798106001,-0.71
636,J2,20,67348.9434529886,-3.67
636,J3,23,72688.857633766,0.27
636,J4,40,126971.58498765642,-1.27
637,J1,19,69244.03008822465,1.31
637,J2,21,77579.51411209746,-1.78
637,J3,18,68061.03503148712,4.32
637,J4,39,132277.74971001415,-0.32
638,J1,22,68023.57505426169,-3.68
638,J2,23,76958.45249573434,-2.77
638,J3,18,56206.59335448835,-0.56
638,J4,41,118026.92824000245,-3.18
639,J1,21,80625.35422160433,0.19
639,J2,23,82253.22766546928,-0.82
639,J3,19,64044.18503311312,-1.64
639,J4,35,125740.85937271419,4.74
640,J1,17,64084.491899247325,3.36
640,J2,23,70428.06957574867,-0.70
640,J3,19,75478.73529871154,-0.75
640,J4,34,131587.16242806384,-0.32
641,J1,20,69968.1709104109,-3.70
641,J2,21,78332.74469596778,1.22
641,J3,20,75590.73788815421,-1.76
641,J4,31,101488.73130425237,1.99
642,J1,21,80025.52153619645,-1.80
642,J2,23,89270.13492893707,-2.89
642,J3,17,59087.04965459854,2.41
642,J4,27,96998.35087259772,3.03
680,J1,27,94898.2820020834,-6.95
680,J2,28,86743.7095364668,-5.87
680,J3,13,52341.070602690146,3.48
680,J4,30,80745.08905844775,-3.81
716,J1,28,93587.1191687797,-1.94
716,J2,31,108909.75258920492,-4.09
716,J3,16,56287.42307224982,-3.56
716,J4,43,128097.30060857379,-14.28
752,J1,27,94329.24513082724,0.06
752,J2,21,67142.43634466248,9.33
752,J3,17,66228.50634225164,-1.66
752,J4,60,169187.91696487874,-18.69
753,J1,32,136115.81511171622,-6.36
753,J2,19,67868.11600705772,1.32
753,J3,15,82480.66814381466,1.18
753,J4,56,161154.80737802954,2.39
754,J1,29,112580.56838208713,1.87
754,J2,21,69284.94443766921,-2.69
754,J3,19,52461.28127137247,-4.52
754,J4,52,151758.21444005822,2.48
755,J1,24,97362.54451131508,4.03
755,J2,16,57471.098857904166,4.43
755,J3,25,121056.45690684048,-7.21
755,J4,46,191678.90700997424,4.08
756,J1,25,87594.92690542608,-1.88
756,J2,18,55035.33889154499,-2.55
756,J3,34,110164.87035249641,-10.10
756,J4,37,179027.96269755467,7.21
757,J1,26,97231.44447212596,-1.97
757,J2,18,65404.776261449006,-0.65
757,J3,37,122682.626338646,-4.23
757,J4,32,119190.30910357488,3.81
758,J1,27,95809.66013571329,-1.96
758,J2,20,78547.14047859819,-2.79
758,J3,40,142408.734379497,-4.42
758,J4,29,82254.93990101892,2.18
759,J1,28,83998.02201808967,-1.84
759,J2,20,60986.85365302439,-0.61
759,J3,43,160353.9622204132,-4.60
759,J4,28,96273.45151275505,0.04
760,J1,27,92355.70779103157,0.08
760,J2,17,59203.05135366382,2.41
760,J3,42,142733.78673510213,-0.43
760,J4,26,86122.71793731804,1.14
761,J1,27,80976.91522674175,-0.81
761,J2,17,55833.12657991762,-0.56
761,J3,40,132039.43767898428,0.68
761,J4,24,84950.09860053349,1.15
762,J1,21,84658.39592285924,5.15
762,J2,19,65405.06959439542,-2.65
762,J3,38,124933.63552550484,0.75
762,J4,21,77428.80528719304,2.23
763,J1,23,69109.83524736573,-2.69
763,J2,21,80803.32774761338,-2.81
763,J3,34,102306.69440762218,2.98
763,J4,24,71266.60499312411,-3.71
764,J1,21,81250.02774568644,1.19
764,J2,19,69905.82814650777,1.30
764,J3,30,95831.99993555798,3.04
764,J4,21,88665.45916287432,2.11
765,J1,23,62196.61017542343,-2.62
765,J2,19,62947.80188974372,-0.63
765,J3,28,87551.27773826699,1.12
765,J4,21,70284.73751169594,-0.70
766,J1,22,71196.84622485569,0.29
766,J2,20,75745.72015720641,-1.76
766,J3,24,74867.97550022224,3.25
766,J4,20,73628.89245011381,0.26
767,J1,26,82676.78379375892,-4.83
767,J2,20,67943.52729472803,-0.68
767,J3,21,78466.22041243018,2.22
767,J4,20,65889.18988337443,-0.66
808,J1,27,97960.3495139449,-1.98
808,J2,16,72792.13003549061,3.27
808,J3,21,67187.96704360058,-0.67
808,J4,26,81776.8499682347,-6.82
843,J1,25,79368.09310507681,1.21
843,J2,20,74846.23124390992,-4.75
843,J3,27,83975.7403456679,-6.84
843,J4,25,110213.05603116655,-0.10
878,J1,22,81992.62788975473,2.18
878,J2,36,112586.1955035512,-17.13
878,J3,24,84937.6698885064,2.15
878,J4,31,90467.19391876277,-6.90
879,J1,24,94480.33178948826,-2.94
879,J2,30,106878.49844736602,4.93
879,J3,24,99231.86768322537,-0.99
879,J4,28,92132.22572619084,2.08
880,J1,29,89153.60791633732,-5.89
880,J2,25,85325.09331185588,4.15
880,J3,28,72654.12660729456,-4.73
880,J4,24,85203.97997471635,3.15
881,J1,28,103950.33941545986,-0.04
881,J2,21,84401.90909778498,3.16
881,J3,27,109798.37290965524,-0.10
881,J4,20,74655.7443528721,3.25
882,J1,33,125079.32659852385,-6.25
882,J2,19,80909.81340738907,1.19
882,J3,27,121855.68445095456,-1.22
882,J4,23,70607.10444644367,-3.71
883,J1,39,124914.13923033423,-7.25
883,J2,19,73408.31284071278,-0.73
883,J3,24,94719.66406524804,2.05
883,J4,16,64895.317817017116,6.35
884,J1,42,141037.52461273,-4.41
884,J2,19,73455.9218642132,-0.73
884,J3,28,96362.80167230987,-4.96
884,J4,16,56025.27961064408,-0.56
885,J1,44,132637.8468032019,-3.33
885,J2,20,57453.689683781355,-1.57
885,J3,26,88004.11846594975,1.12
885,J4,19,62009.6849828305,-3.62
886,J1,38,139668.3752457784,4.60
886,J2,19,71372.90902447977,0.29
886,J3,24,93052.29661153776,1.07
886,J4,20,84490.77752708722,-1.84
887,J1,36,121785.66492870808,0.78
887,J2,18,60456.00618877215,0.40
887,J3,30,108865.68303967034,-7.09
887,J4,21,75513.4358726306,-1.76
888,J1,30,96535.60906353763,5.03
888,J2,18,68660.65552083604,-0.69
888,J3,30,108631.07756676913,-1.09
888,J4,20,77193.50561550481,0.23
889,J1,31,92721.03257152344,-1.93
889,J2,17,60484.637599184935,0.40
889,J3,27,89006.48124215123,2.11
889,J4,20,63549.72276874572,-0.64
890,J1,27,99622.10824317872,3.00
890,J2,17,72518.14600311771,-0.73
890,J3,25,84171.64012923799,1.16
890,J4,19,72102.95181578049,0.28
891,J1,27,81018.37389877098,-0.81
891,J2,20,60409.914552565766,-3.60
891,J3,30,112826.7034077766,-6.13
891,J4,17,67808.16975922846,1.32
892,J1,24,88046.83178827033,2.12
892,J2,17,72080.90604989973,2.28
892,J3,31,98062.64320032416,-1.98
892,J4,17,57771.42346731218,-0.58
893,J1,23,88970.54720345102,0.11
893,J2,15,55248.16880048267,1.45
893,J3,27,101968.02716616805,2.98
893,J4,18,64443.64203469147,-1.64
894,J1,23,84802.01286732222,-0.85
894,J2,17,58410.45576497218,-2.58
894,J3,27,92487.1274820916,-0.92
894,J4,23,86945.32707879641,-5.87
931,J1,25,85160.87930269816,-2.85
931,J2,17,66682.08969441085,-0.67
931,J3,24,73927.74539363127,2.26
931,J4,16,69592.33034486446,6.30
967,J1,34,98227.49937019454,-9.98
967,J2,25,86874.6352904609,-8.87
967,J3,23,85834.80988450984,0.14
967,J4,20,79782.5369725007,-4.80
1002,J1,28,93171.92675987651,5.07
1002,J2,21,77630.50311683623,3.22
1002,J3,19,60459.40414109591,3.40
1002,J4,34,102296.58882143052,-15.02
1003,J1,30,120348.71261036894,-3.20
1003,J2,19,64763.03100785445,1.35
1003,J3,22,117815.4251856597,-4.18
1003,J4,25,106163.32116026158,7.94
1004,J1,28,121109.06661489289,0.79
1004,J2,17,66662.44721874957,1.33
1004,J3,25,93251.81316554891,-3.93
1004,J4,24,75938.07803828434,0.24
1005,J1,31,94560.53838740276,-3.95
1005,J2,17,54127.809827148696,-0.54
1005,J3,28,104912.1632308856,-4.05
1005,J4,23,86409.47670127645,0.14
1006,J1,25,106458.999251675,4.94
1006,J2,17,61684.82006122808,-0.62
1006,J3,32,107217.28821959312,-5.07
1006,J4,18,64009.93938379009,4.36
1007,J1,27,87660.8202041416,-2.88
1007,J2,16,58147.74242009615,0.42
1007,J3,35,135917.64479081787,-4.36
1007,J4,21,63279.08093934348,-3.63
1008,J1,25,94435.2329788155,1.06
1008,J2,18,76148.82587342884,-2.76
1008,J3,35,126242.67013550163,-1.26
1008,J4,17,75427.3708980278,3.25
1009,J1,24,86339.89204545837,0.14
1009,J2,19,56821.49689485455,-1.57
1009,J3,36,130437.00336605885,-2.30
1009,J4,19,70290.24942322014,-2.70
1010,J1,24,87891.87190930368,-0.88
1010,J2,20,77650.42225331985,-1.78
1010,J3,33,106284.31975437807,1.94
1010,J4,19,70822.55902104046,-0.71
1011,J1,27,82380.06048785808,-3.82
1011,J2,20,67821.41648826064,-0.68
1011,J3,31,107975.48064697716,0.92
1011,J4,18,53923.20072477293,0.46
1012,J1,21,82635.55383298192,5.17
1012,J2,17,67849.62214342972,2.32
1012,J3,30,109397.35803378245,-0.09
1012,J4,17,72760.27236223451,0.27
1013,J1,23,74621.5534794644,-2.75
1013,J2,19,71040.94392232769,-2.71
1013,J3,28,92581.39574623316,1.07
1013,J4,19,74153.44147003976,-2.74
1014,J1,22,81229.46559687401,0.19
1014,J2,21,74341.97469021297,-2.74
1014,J3,25,90997.43628380164,2.09
1014,J4,22,64389.01652768114,-3.64
1015,J1,21,64734.8920031459,0.35
1015,J2,18,73177.39163211895,2.27
1015,J3,24,84326.62963768917,0.16
1015,J4,17,64873.18406751519,4.35
1016,J1,22,73039.96584370238,-1.73
1016,J2,19,63402.489952096344,-1.63
1016,J3,23,76226.33086086049,0.24
1016,J4,21,68089.54287577941,-4.68
1017,J1,18,67279.73961724096,3.33
1017,J2,19,73193.55993169671,-0.73
1017,J3,22,75553.59047556244,0.24
1017,J4,21,78432.23275021516,-0.78
1018,J1,20,77325.91852568462,-2.77
1018,J2,18,66407.895285088,0.34
1018,J3,18,74801.22822954698,3.25
1018,J4,22,72151.20746086427,-1.72
1056,J1,20,85302.84669313881,-0.85
1056,J2,19,82719.3067847238,-1.83
1056,J3,15,71188.46707653331,2.29
1056,J4,17,74322.1484693044,4.26
1091,J1,20,76707.59171203859,-0.77
1091,J2,27,77845.6665858403,-8.78
1091,J3,24,75004.36286674935,-9.75
1091,J4,23,86178.84744582254,-6.86
1126,J1,30,103156.62380356566,-11.03
1126,J2,25,93061.01547076006,1.07
1126,J3,28,88725.91627986525,-4.89
1126,J4,24,69711.63539672806,-1.70
1127,J1,26,82329.43176702836,3.18
1127,J2,20,87523.92175363544,4.12
1127,J3,23,91083.92016022741,4.09
1127,J4,31,114934.43660115612,-8.15
1128,J1,20,78429.82175874762,5.22
1128,J2,18,86547.27219455491,1.13
1128,J3,19,81100.13300001381,3.19
1128,J4,31,136842.70136737174,-1.37
1129,J1,21,64455.96061310738,-1.64
1129,J2,22,77012.47093299845,-4.77
1129,J3,24,80800.61755075656,-5.81
1129,J4,26,106350.59449827763,3.94
1130,J1,17,74451.62793181837,3.26
1130,J2,19,81948.96695110617,2.18
1130,J3,25,87694.89389884107,-1.88
1130,J4,26,96735.4084052117,-0.97
1131,J1,21,65946.69715537506,-4.66
1131,J2,22,74658.60076534036,-3.75
1131,J3,21,76372.69388428162,3.24
1131,J4,27,105179.9581510063,-2.05
1132,J1,20,78272.70950006245,0.22
1132,J2,24,80799.61351889529,-2.81
1132,J3,21,80906.40241410336,-0.81
1132,J4,26,96703.38643097159,0.03
1133,J1,22,71799.4807965349,-2.72
1133,J2,27,77068.40622612213,-3.77
1133,J3,21,73980.04980456969,-0.74
1133,J4,27,97415.834988874,-1.97
1134,J1,19,65706.71439529506,2.34
1134,J2,28,93477.51316060027,-1.93
1134,J3,23,75791.3919906545,-2.76
1134,J4,26,73925.25506765206,0.26
1135,J1,18,71011.69270501878,0.29
1135,J2,22,78337.44026500388,5.22
1135,J3,23,93796.81610294429,-0.94
1135,J4,23,70843.49229010135,2.29
1136,J1,19,66274.1352580384,-1.66
1136,J2,20,62438.417723631675,1.38
1136,J3,23,80828.50021237815,-0.81
1136,J4,23,81243.45852451747,-0.81
1137,J1,20,73415.49125453623,-1.73
1137,J2,19,73797.40385935755,0.26
1137,J3,17,69254.78912031493,5.31
1137,J4,25,80970.99017189644,-2.81
1138,J1,21,64203.28192073679,-1.64
1138,J2,18,61153.91709144244,0.39
1138,J3,22,58902.9379617125,-5.59
1138,J4,21,73870.58016277982,3.26
1139,J1,22,74495.07692731114,-1.74
1139,J2,18,60569.294693205535,-0.61
1139,J3,18,80690.5142063655,3.19
1139,J4,18,72558.25166349318,2.27
1140,J1,24,81586.33553664274,-2.82
1140,J2,18,61879.28253990572,-0.62
1140,J3,20,59337.62482321241,-2.59
1140,J4,19,60887.56973739965,-1.61
1141,J1,24,86747.42584899781,-0.87
1141,J2,19,70662.3477355621,-1.71
1141,J3,18,74249.707497613,1.26
1141,J4,20,70173.3546538793,-1.70
1142,J1,26,78224.1055218348,-2.78
1142,J2,16,53690.852491026715,2.46
1142,J3,21,65518.31450120994,-3.66
1142,J4,23,76158.79827227355,-3.76
1182,J1,15,60321.462920488935,10.40
1182,J2,24,98696.40782446795,-8.99
1182,J3,25,74677.89915116953,-4.75
1182,J4,21,78274.58234783821,1.22
1218,J1,21,77689.46247518818,-6.78
1218,J2,17,75990.24478536102,6.24
1218,J3,32,115087.6664964022,-8.15
1218,J4,18,84027.7824993778,2.16
1253,J1,32,112252.41548057194,-12.12
1253,J2,25,76265.64649284404,-8.76
1253,J3,29,79105.46423679189,2.21
1253,J4,20,70764.46389377095,-2.71
1254,J1,32,109218.420959474,-1.09
1254,J2,20,79021.19664468839,4.21
1254,J3,25,130515.42497192966,2.69
1254,J4,19,73176.74942943931,0.27
1255,J1,27,81515.90084853895,4.18
1255,J2,23,75353.849441493,-3.75
1255,J3,24,82608.8293661046,0.17
1255,J4,22,90122.87704319929,-3.90
1256,J1,23,103884.2049892782,2.96
1256,J2,17,68890.72836882976,5.31
1256,J3,28,127481.45683118116,-5.27
1256,J4,21,72044.45757953462,0.28
1257,J1,23,85220.24930711088,-0.85
1257,J2,18,57570.83920212581,-1.58
1257,J3,32,102749.53681777079,-5.03
1257,J4,17,65310.008543241216,3.35
1258,J1,24,88703.77922069698,-1.89
1258,J2,18,65776.19611146083,-0.66
1258,J3,28,102053.70273015331,2.98
1258,J4,18,73163.4278355015,-1.73
1259,J1,25,78001.45492268376,-1.78
1259,J2,17,55515.27974506021,0.44
1259,J3,30,108913.86180269727,-3.09
1259,J4,21,76023.15302460821,-3.76
1260,J1,23,75056.50741444207,1.25
1260,J2,18,69983.63426926451,-1.70
1260,J3,34,110062.73158543368,-5.10
1260,J4,24,85203.04786391364,-3.85
1261,J1,24,79649.25894755177,-1.80
1261,J2,19,66800.5409514384,-1.67
1261,J3,30,103334.17578990143,2.97
1261,J4,22,80067.40668555014,1.20
1262,J1,27,76850.26455514226,-3.77
1262,J2,19,70100.84002361784,-0.70
1262,J3,29,94598.18018294816,0.05
1262,J4,23,77395.29308216779,-1.77
1263,J1,26,84326.6566478438,0.16
1263,J2,17,59666.7251244065,1.40
1263,J3,25,82385.93344346284,3.18
1263,J4,18,66802.24891129955,4.33
1264,J1,22,72573.71486770085,3.27
1264,J2,17,62608.5567210617,-0.63
1264,J3,24,84827.37153297728,0.15
1264,J4,20,60864.24051052421,-2.61
1265,J1,22,65942.26852111773,-0.66
1265,J2,19,70348.32316622157,-2.70
1265,J3,21,79712.43239459035,2.20
1265,J4,18,71789.88155435424,1.28
1266,J1,24,77755.02955908552,-2.78
1266,J2,18,66018.28334389988,0.34
1266,J3,25,79470.2986294388,-4.79
1266,J4,19,56153.100611678274,-1.56
1267,J1,19,73022.93269980299,4.27
1267,J2,19,68312.00847192339,-1.68
1267,J3,19,88080.39089923605,5.12
1267,J4,18,70977.80846289905,0.29
1268,J1,20,70369.6643992461,-1.70
1268,J2,18,77808.62906136573,0.22
1268,J3,19,67215.10345671173,-0.67
1268,J4,17,71802.35389513012,0.28
1308,J1,15,65037.93921987256,4.35
1308,J2,22,65205.771319461775,-4.65
1308,J3,29,81939.12220688586,-10.82
1308,J4,23,74740.10559587547,-6.75
1342,J1,21,69379.1031066666,-6.69
1342,J2,18,74568.59485414834,3.25
1342,J3,25,90865.77307300366,3.09
1342,J4,31,103229.92789876253,-9.03
1378,J1,28,91337.25862646164,-7.91
1378,J2,31,107113.98892261759,-14.07
1378,J3,21,59913.02891756229,3.40
1378,J4,27,79768.42853975325,3.20
1379,J1,21,119716.31994361739,5.80
1379,J2,27,84147.39691109143,3.16
1379,J3,19,86863.85915691733,1.13
1379,J4,26,88016.99123177165,0.12
1380,J1,25,76859.78807757639,-4.77
1380,J2,26,88256.1735362231,0.12
1380,J3,22,73296.3311099994,-3.73
1380,J4,27,103085.08277726246,-2.03
1381,J1,23,89077.44938388457,1.11
1381,J2,22,87949.70311080816,3.12
1381,J3,25,82142.51900290261,-3.82
1381,J4,20,80005.93522159394,6.20
1382,J1,23,72019.8174139161,-0.72
1382,J2,26,71498.09124267679,-4.71
1382,J3,27,119146.33735658487,-3.19
1382,J4,21,73091.21043154306,-1.73
1383,J1,20,81292.09373862081,2.19
1383,J2,22,92352.55024749714,3.08
1383,J3,28,108082.45772476424,-2.08
1383,J4,21,83903.2883291659,-0.84
1384,J1,20,71959.34013052152,-0.72
1384,J2,21,76096.37746628386,0.24
1384,J3,30,99664.69332225985,-3.00
1384,J4,22,75936.25068500289,-1.76
1385,J1,19,75251.6478802384,0.25
1385,J2,16,68832.42862306046,4.31
1385,J3,33,114233.71964118307,-4.14
1385,J4,21,80046.06023145249,0.20
1386,J1,17,69681.00015036287,1.30
1386,J2,19,65369.072229346915,-3.65
1386,J3,30,115149.6910271488,1.85
1386,J4,23,74314.8514637115,-2.74
1387,J1,20,69533.80487013503,-3.70
1387,J2,19,59520.38684016036,-0.60
1387,J3,32,96821.19507023398,-2.97
1387,J4,26,84169.41246653072,-3.84
1388,J1,19,66096.9821025125,0.34
1388,J2,19,68215.17234334513,-0.68
1388,J3,28,97919.8093012401,3.02
1388,J4,24,81392.26657596431,1.19
1389,J1,20,64979.01937144207,-1.65
1389,J2,19,56924.214258530155,-0.57
1389,J3,26,88584.00852085,1.11
1389,J4,20,68539.88606173701,3.31
1390,J1,21,78667.97081772341,-1.79
1390,J2,17,61587.6317206363,1.38
1390,J3,23,80607.85682241715,2.19
1390,J4,21,79857.83304340209,-1.80
1391,J1,23,66244.5369205049,-2.66
1391,J2,21,56308.590550319,-4.56
1391,J3,21,67818.23705479664,1.32
1391,J4,20,64577.032487116645,0.35
1392,J1,19,76193.04628193169,3.24
1392,J2,23,79588.53109540971,-2.80
1392,J3,23,75851.81609841026,-2.76
1392,J4,18,65964.89164743091,1.34
1393,J1,20,66979.84941137231,-1.67
1393,J2,18,78975.47404006255,4.21
1393,J3,21,72395.2340952115,1.28
1393,J4,21,59816.547503576236,-3.60
1394,J1,19,71206.94142431495,0.29
1394,J2,18,77942.56245962915,-0.78
1394,J3,21,76083.18603038535,-0.76
1394,J4,18,89431.40719877573,2.11
1432,J1,22,86306.04308156489,-3.86
1432,J2,31,96176.46187853797,-13.96
1432,J3,16,74539.91343473826,4.25
1432,J4,21,68549.89447365573,-3.69
1468,J1,20,85544.35520510908,1.14
1468,J2,30,115233.21333886159,-0.15
1468,J3,19,69860.79551465702,-3.70
1468,J4,32,118778.14904805669,-12.19
1503,J1,27,82145.22666787694,-7.82
1503,J2,16,66271.68959309759,13.34
1503,J3,24,76958.44248473062,-5.77
1503,J4,38,127874.7097291383,-7.28
1504,J1,23,101697.82581112496,2.98
1504,J2,17,59605.42007601618,-1.60
1504,J3,21,93449.94040677953,2.07
1504,J4,36,134720.34828164874,0.65
1505,J1,22,77032.34086176503,0.23
1505,J2,20,85722.26771037964,-3.86
1505,J3,19,68314.53858891541,1.32
1505,J4,34,114416.73962915584,0.86
1506,J1,23,76054.33280435333,-1.76
1506,J2,21,71273.11632874509,-1.71
1506,J3,22,90620.39854278728,-3.91
1506,J4,30,114509.4390824395,2.85
1507,J1,20,87142.19576748478,2.13
1507,J2,21,79617.0394112122,-0.80
1507,J3,24,88906.85803890692,-2.89
1507,J4,25,94086.71240897194,4.06
1508,J1,20,66500.44343302435,-0.67
1508,J2,24,75784.19727282366,-3.76
1508,J3,27,80805.1457581003,-3.81
1508,J4,21,76824.87523638025,3.23
1509,J1,21,77195.19033414127,-1.77
1509,J2,20,76139.0181046676,3.24
1509,J3,27,103400.65806937401,-1.03
1509,J4,18,71270.96285199671,2.29
1510,J1,21,79822.7887589203,-0.80
1510,J2,22,76770.3053657322,-2.77
1510,J3,27,89233.4303535192,-0.89
1510,J4,23,82423.98119873535,-5.82
1511,J1,20,68976.77144974314,0.31
1511,J2,22,83869.60793192184,-0.84
1511,J3,25,81597.89178941153,1.18
1511,J4,21,81478.71439979988,1.19
1512,J1,19,67022.5729584595,0.33
1512,J2,22,73930.73423781098,-0.74
1512,J3,28,95615.11048133929,-3.96
1512,J4,21,65714.48642126638,-0.66
1513,J1,19,73210.5492918476,-0.73
1513,J2,19,79843.98846311469,2.20
1513,J3,23,85954.37477760036,4.14
1513,J4,17,71248.62661073361,3.29
1514,J1,18,67534.92501089915,0.32
1514,J2,21,69193.07065202424,-2.69
1514,J3,21,79318.9900449767,1.21
1514,J4,20,67324.94673846492,-3.67
1515,J1,17,70442.65465324858,0.30
1515,J2,21,75585.70707161937,-0.76
1515,J3,23,77324.31061985836,-2.77
1515,J4,21,78491.76857891392,-1.78
1516,J1,17,63021.88567823672,-0.63
1516,J2,20,66527.19449898248,0.33
1516,J3,21,66099.07225197913,1.34
1516,J4,21,65256.795371602115,-0.65
1517,J1,17,65812.81999005907,-0.66
1517,J2,19,57793.82833532558,0.42
1517,J3,24,69872.73386347093,-3.70
1517,J4,20,66366.22023634127,0.34
1518,J1,19,63541.034301300286,-2.64
1518,J2,15,62950.714643830426,3.37
1518,J3,19,75026.90346240764,4.25
1518,J4,16,66518.41371242293,3.33
1519,J1,23,94843.7205270958,-4.95
1519,J2,18,54913.85656155167,-3.55
1519,J3,21,64736.66122029193,-2.65
1519,J4,16,49219.82225278446,-0.49
1556,J1,22,75923.76510152218,0.24
1556,J2,30,94543.10581491933,-12.95
1556,J3,13,61976.006238202724,7.38
1556,J4,20,71929.66657790773,-4.72
1592,J1,27,94036.30731584964,-5.94
1592,J2,32,115737.26414187285,-3.16
1592,J3,16,58853.298825235586,-3.59
1592,J4,23,90971.63259952833,-3.91
1626,J1,17,50596.02068094837,9.49
1626,J2,22,73475.30298866828,9.27
1626,J3,30,86329.54320893879,-14.86
1626,J4,46,132758.37315970502,-24.33
1627,J1,13,57255.198034804394,3.43
1627,J2,18,66930.95521093256,3.33
1627,J3,31,93007.19981315211,-1.93
1627,J4,41,122292.19129092328,3.78
1628,J1,16,66232.00760984633,-3.66
1628,J2,19,86668.482746592,-1.87
1628,J3,27,111557.66311366446,2.88
1628,J4,32,124669.28794365664,7.75
1629,J1,21,79998.73745262825,-5.80
1629,J2,20,57539.33727823821,-1.58
1629,J3,25,113675.99201698808,0.86
1629,J4,27,88737.45195872977,4.11
1630,J1,21,79346.1386255881,-0.79
1630,J2,23,86944.0065733353,-3.87
1630,J3,22,87129.00546585022,2.13
1630,J4,23,72374.68573338153,3.28
1631,J1,24,78350.05748179986,-3.78
1631,J2,26,84885.87282238825,-3.85
1631,J3,24,79429.7059317012,-2.79
1631,J4,23,71595.82658453847,-0.72
1632,J1,24,85309.41431162684,-0.85
1632,J2,21,81273.82773719411,4.19
1632,J3,25,92705.23338498203,-1.93
1632,J4,20,80696.11637076142,2.19
1633,J1,27,86756.36493439897,-3.87
1633,J2,22,77539.2268021255,-1.78
1633,J3,25,104032.37479843064,-1.04
1633,J4,21,81465.76180548011,-1.81
1634,J1,26,109984.20759856662,-0.10
1634,J2,22,85031.87682149088,-0.85
1634,J3,22,90181.49767959118,2.10
1634,J4,17,78188.55877070781,3.22
1635,J1,28,82852.92626309066,-2.83
1635,J2,21,68267.74665851446,0.32
1635,J3,25,82881.21012175526,-3.83
1635,J4,18,67144.88907632702,-1.67
1636,J1,26,74455.87789139143,1.26
1636,J2,22,71005.0462754463,-1.71
1636,J3,26,97447.69761447299,-1.97
1636,J4,19,72216.90290425677,-1.72
1637,J1,22,78123.84653293183,3.22
1637,J2,23,81190.68759731593,-1.81
1637,J3,22,82483.03382418549,3.18
1637,J4,17,63270.66192302975,1.37
1638,J1,23,75607.44041050234,-1.76
1638,J2,21,74515.92444246271,1.25
1638,J3,20,76674.26336425175,1.23
1638,J4,20,64204.04176811542,-3.64
1639,J1,20,95173.1062484567,2.05
1639,J2,20,73177.45973415638,0.27
1639,J3,18,71275.54316392644,1.29
1639,J4,20,83972.98811043176,-0.84
1640,J1,20,64655.70007518917,-0.65
1640,J2,22,66911.94351885638,-2.67
1640,J3,20,69409.12265239921,-2.69
1640,J4,19,64017.42617933529,0.36
1641,J1,18,73821.32797124225,1.26
1641,J2,18,71477.75299172537,3.29
1641,J3,20,76695.60281457749,-0.77
1641,J4,20,69294.01037325546,-1.69
1642,J1,22,72607.66547412137,-4.73
1642,J2,19,70298.77598126403,-1.70
1642,J3,20,65375.95366818979,-0.65
1642,J4,18,69306.19210135564,1.31
1643,J1,18,85831.55245725489,3.14
1643,J2,18,66231.5195426849,0.34
1643,J3,17,70571.47557479927,2.29
1643,J4,19,72791.06282075624,-1.73
1680,J1,22,80305.95716151982,-4.80
1680,J2,27,82573.66946737924,-9.83
1680,J3,15,61491.09386694317,1.39
1680,J4,13,53148.64433570133,5.47
1715,J1,21,86347.32668951296,0.14
1715,J2,24,95544.10273384722,2.04
1715,J3,22,91905.40452641559,-7.92
1715,J4,18,67360.03153150549,-5.67
1751,J1,21,85226.50384069583,-0.85
1751,J2,29,79233.96874697927,-5.79
1751,J3,31,93243.92391449747,-9.93
1751,J4,29,92883.24527756753,-11.93
1752,J1,20,69184.21116643751,0.31
1752,J2,25,102097.97023773349,2.98
1752,J3,23,94068.01715834733,7.06
1752,J4,26,94302.19518552943,2.06
1753,J1,20,81584.04428370923,-0.82
1753,J2,26,78013.23349105354,-1.78
1753,J3,22,81732.64916313272,0.18
1753,J4,24,86938.10743898548,1.13
1754,J1,19,77694.12042085484,0.22
1754,J2,19,73491.06155883189,6.27
1754,J3,21,89101.54136886742,0.11
1754,J4,24,85941.48190636656,-0.86
1755,J1,20,62111.11938436066,-1.62
1755,J2,24,72488.04073020522,-5.72
1755,J3,21,69895.34377441938,-0.70
1755,J4,23,83757.0996013171,0.16
1756,J1,21,68727.52953096674,-1.69
1756,J2,26,95454.21838679448,-2.95
1756,J3,20,64378.18284894187,0.36
1756,J4,23,90589.03396147072,-0.91
1757,J1,20,76487.107233797,0.24
1757,J2,23,82448.6020568902,2.18
1757,J3,21,79594.18694995543,-1.80
1757,J4,21,76704.6168638457,1.23
1758,J1,21,76014.98212900867,-1.76
1758,J2,22,80497.68975627059,0.20
1758,J3,23,80671.1502913684,-2.81
1758,J4,24,96404.5002793587,-3.96
1759,J1,22,80641.8842194713,-1.81
1759,J2,21,70660.17755911217,0.29
1759,J3,21,82484.62019713009,1.18
1759,J4,22,82091.58678448206,1.18
1760,J1,24,82371.43071448768,-2.82
1760,J2,22,66187.64952323644,-1.66
1760,J3,22,75798.03117974942,-1.76
1760,J4,25,84072.33160315061,-3.84
